de adem	写懈褏邪薪薪褟
de boodschap	锌芯胁褨写芯屑谢械薪薪褟; 锌芯泻褍锌泻邪
de grap	卸邪褉褌
het bos	谢褨褋
werkelijk	褋锌褉邪胁卸薪褨泄, 写褨泄褋薪芯
huilen	锌谢邪泻邪褌懈
de commandant	泻芯屑邪薪写懈褉
de jurk	褋褍泻薪褟
gevangen	褋锌褨泄屑邪薪懈泄, 锌芯谢芯薪械薪懈泄
de veiligheid	斜械蟹锌械泻邪
de hoek	泻褍褌
de afstand	胁褨写褋褌邪薪褜
de regering	褍褉褟写
de stoel	褋褌褨谢械褑褜
onschuldig	薪械胁懈薪薪懈泄
de kogel	泻褍谢褟
het vlak	锌谢芯褖懈薪邪, 锌芯胁械褉褏薪褟
de voet	褋褌褍锌薪褟, 薪芯谐邪
ontsnappen	褍褌械泻褌懈
gooien	泻懈写邪褌懈
rechts	锌褉邪胁芯褉褍褔
ineens	褉邪锌褌芯屑
de test	褌械褋褌
de toestemming	写芯蟹胁褨谢
breken	谢邪屑邪褌懈
de rol	褉芯谢褜; 褉褍谢芯薪
opschieten	锌芯褋锌褨褕邪褌懈
kalm	褋锌芯泻褨泄薪懈泄
het goud	蟹芯谢芯褌芯
verantwoordelijk	胁褨写锌芯胁褨写邪谢褜薪懈泄
enorm	胁械谢懈褔械蟹薪懈泄
bespreken	芯斜谐芯胁芯褉褞胁邪褌懈
de ervaring	写芯褋胁褨写
de soldaat	褋芯谢写邪褌
gratis	斜械蟹泻芯褕褌芯胁薪芯
overleden	锌芯屑械褉谢懈泄
het eiland	芯褋褌褉褨胁
het beeld	芯斜褉邪蟹, 蟹芯斜褉邪卸械薪薪褟
passen	锌褨写褏芯写懈褌懈; 锌褉懈屑褨褉褟褌懈
de leeftijd	胁褨泻
tekenen	屑邪谢褞胁邪褌懈; 锌褨写锌懈褋褍胁邪褌懈
doorgaan	锌褉芯写芯胁卸褍胁邪褌懈
de boom	写械褉械胁芯
uitzoeken	胁懈斜懈褉邪褌懈; 蟹'褟褋褍胁邪褌懈
het dak	写邪褏
de lunch	芯斜褨写, 谢邪薪褔
controleren	锌械褉械胁褨褉褟褌懈
achteruit	薪邪蟹邪写
het dorp	褋械谢芯
de code	泻芯写
vieren	褋胁褟褌泻褍胁邪褌懈
het geluid	蟹胁褍泻
verschrikkelijk	卸邪褏谢懈胁懈泄
het bier	锌懈胁芯
eenmaal	芯写薪芯谐芯 褉邪蟹褍
simpel	锌褉芯褋褌懈泄
vermist	蟹薪懈泻谢懈泄
het gat	写褨褉邪, 芯褌胁褨褉
de ouder	芯写懈薪 褨蟹 斜邪褌褜泻褨胁
de wens	斜邪卸邪薪薪褟
toevallig	胁懈锌邪写泻芯胁懈泄, 胁懈锌邪写泻芯胁芯
de leiding	泻械褉褨胁薪懈褑褌胁芯
bouwen	斜褍写褍胁邪褌懈
het restaurant	褉械褋褌芯褉邪薪
de toegang	写芯褋褌褍锌, 胁褏褨写
verbergen	褏芯胁邪褌懈
de taak	蟹邪胁写邪薪薪褟
het lab	谢邪斜芯褉邪褌芯褉褨褟
de misdaad	蟹谢芯褔懈薪
nadenken	芯斜屑褨褉泻芯胁褍胁邪褌懈
de vakantie	胁褨写锌褍褋褌泻邪, 泻邪薪褨泻褍谢懈
behoorlijk	锌褉懈褋褌芯泄薪懈泄, 写芯胁芯谢褨
de video	胁褨写械芯
draaien	泻褉褍褌懈褌懈, 芯斜械褉褌邪褌懈
het vertrek	胁褨写'褩蟹写; 锌褉懈屑褨褖械薪薪褟
het slot	蟹邪屑芯泻 (薪邪 写胁械褉褟褏); 泻褨薪械褑褜
het proces	锌褉芯褑械褋
de opdracht	蟹邪胁写邪薪薪褟, 写芯褉褍褔械薪薪褟
het programma	锌褉芯谐褉邪屑邪
de leider	谢褨写械褉, 泻械褉褨胁薪懈泻
antwoorden	胁褨写锌芯胁褨写邪褌懈
de bruiloft	胁械褋褨谢谢褟
de vorm	褎芯褉屑邪
de directeur	写懈褉械泻褌芯褉
het advies	锌芯褉邪写邪
volwassen	写芯褉芯褋谢懈泄
de radio	褉邪写褨芯
de maan	屑褨褋褟褑褜 (薪械斜械褋薪械 褌褨谢芯)
gemakkelijk	谢械谐泻懈泄, 蟹褉褍褔薪懈泄
de klas	泻谢邪褋
de krant	谐邪蟹械褌邪
langzaam	锌芯胁褨谢褜薪懈泄
kosten	泻芯褕褌褍胁邪褌懈
de mist	褌褍屑邪薪
het pad	褋褌械卸泻邪
de vrijheid	褋胁芯斜芯写邪
verdwijnen	蟹薪懈泻邪褌懈
de beweging	褉褍褏
de twijfel	褋褍屑薪褨胁
de neef	写胁芯褞褉褨写薪懈泄 斜褉邪褌; 锌谢械屑褨薪薪懈泻
de fles	锌谢褟褕泻邪
de vis	褉懈斜邪
het rood	褔械褉胁芯薪懈泄 泻芯谢褨褉
de taxi	褌邪泻褋褨
het voorkomen	蟹芯胁薪褨褕薪褨泄 胁懈谐谢褟写; 褌褉邪锌谢褟褌懈褋褟
binnenkort	薪械蟹邪斜邪褉芯屑
de doos	泻芯褉芯斜泻邪
terecht	褋谢褍褕薪芯, 褋锌褉邪胁械写谢懈胁芯
de mening	写褍屑泻邪
het geweer	褉褍褕薪懈褑褟
het bezit	胁谢邪褋薪褨褋褌褜
de top	胁械褉褕懈薪邪
vergeven	锌褉芯褖邪褌懈
hopen	褋锌芯写褨胁邪褌懈褋褟
ophalen	蟹邪斜褉邪褌懈, 锌褨写薪褟褌懈
de wind	胁褨褌械褉
oplossen	褉芯蟹褔懈薪褟褌懈; 褉芯蟹胁'褟蟹褍胁邪褌懈
jaloers	褉械胁薪懈胁懈泄, 蟹邪蟹写褉褨褋薪懈泄
onmiddellijk	薪械谐邪泄薪懈泄, 薪械谐邪泄薪芯
het gedrag	锌芯胁械写褨薪泻邪
stemmen	谐芯谢芯褋褍胁邪褌懈
het ontbijt	褋薪褨写邪薪芯泻
de lol	胁械褋械谢芯褖褨, 褉芯蟹胁邪谐邪
ontvangen	芯褌褉懈屑褍胁邪褌懈
de rivier	褉褨褔泻邪
het voedsel	褩卸邪
gauw	褕胁懈写泻芯, 褋泻芯褉芯
vaker	褔邪褋褌褨褕械
keren	锌芯胁械褉褌邪褌懈
de chef	褕械褎, 薪邪褔邪谢褜薪懈泻
verraden	蟹褉邪写卸褍胁邪褌懈
het geweld	薪邪褋懈谢褜褋褌胁芯
het akkoord	褍谐芯写邪; 邪泻芯褉写
tonen	锌芯泻邪蟹褍胁邪褌懈
het verband	锌芯胁'褟蟹泻邪; 蟹胁'褟蟹芯泻
de brug	屑褨褋褌
de jas	锌邪谢褜褌芯, 泻褍褉褌泻邪
de trap	褋褏芯写懈; 褍写邪褉 薪芯谐芯褞
aanvallen	邪褌邪泻褍胁邪褌懈
het leer	褕泻褨褉邪 (屑邪褌械褉褨邪谢); 胁褔械薪薪褟
opnemen	锌褨写薪褨屑邪褌懈; 蟹邪锌懈褋褍胁邪褌懈
de schade	褕泻芯写邪, 蟹斜懈褌芯泻
bijzonder	芯褋芯斜谢懈胁懈泄
de huid	褕泻褨褉邪
zakken	芯锌褍褋泻邪褌懈褋褟; 锌褉芯胁邪谢懈褌懈 褨褋锌懈褌
openen	胁褨写泻褉懈胁邪褌懈
de arts	谢褨泻邪褉
de echtgenoot	褔芯谢芯胁褨泻 (褍 褕谢褞斜褨)
de bedoeling	薪邪屑褨褉
bedenken	锌褉懈写褍屑邪褌懈, 芯斜屑褨褉泻褍胁邪褌懈
tegenhouden	蟹褍锌懈薪褟褌懈, 褋褌褉懈屑褍胁邪褌懈
de start	褋褌邪褉褌, 锌芯褔邪褌芯泻
de burgemeester	屑械褉
het kussen	锌芯写褍褕泻邪
de ster	蟹褨褉泻邪
gezocht	褉芯蟹褕褍泻褍胁邪薪懈泄
het wezen	褨褋褌芯褌邪
de zomer	谢褨褌芯
de eigenaar	胁谢邪褋薪懈泻
de motor	屑芯褌芯褉, 写胁懈谐褍薪
de universiteit	褍薪褨胁械褉褋懈褌械褌
de beveiliging	芯褏芯褉芯薪邪, 蟹邪褏懈褋褌
betekenen	芯蟹薪邪褔邪褌懈
verborgen	锌褉懈褏芯胁邪薪懈泄
het publiek	锌褍斜谢褨泻邪
het rapport	蟹胁褨褌
opeens	褉邪锌褌芯屑
het beest	蟹胁褨褉, 褌胁邪褉懈薪邪
het kamp	褌邪斜褨褉
de afdeling	胁褨写写褨谢
vorig	锌芯锌械褉械写薪褨泄
de rook	写懈屑
de boel	泻褍锌邪 褉械褔械泄, 褍褋械 褑械
het strand	锌谢褟卸
de magie	屑邪谐褨褟
de oplossing	褉褨褕械薪薪褟, 褉芯蟹胁'褟蟹芯泻
het type	褌懈锌
rusten	胁褨写锌芯褔懈胁邪褌懈
wellicht	屑芯卸谢懈胁芯
genaamd	薪邪 褨屑'褟, 薪邪蟹胁邪薪懈泄
terugkomen	锌芯胁械褉褌邪褌懈褋褟
voeren	胁械褋褌懈; 谐芯写褍胁邪褌懈
nauwelijks	谢械写胁械
het bad	胁邪薪薪邪
bieden	锌褉芯锌芯薪褍胁邪褌懈
ge茂nteresseerd	蟹邪褑褨泻邪胁谢械薪懈泄
de duivel	写懈褟胁芯谢
overkomen	褌褉邪锌谢褟褌懈褋褟; 褋锌褉邪胁谢褟褌懈 胁褉邪卸械薪薪褟
nerveus	蟹薪械褉胁芯胁邪薪懈泄
de locatie	屑褨褋褑械 褉芯蟹褌邪褕褍胁邪薪薪褟
de blik	锌芯谐谢褟写; 斜谢褟褕邪薪泻邪
het doelwit	屑褨褕械薪褜, 褑褨谢褜
de klant	泻谢褨褦薪褌, 锌芯泻褍锌械褑褜
de post	锌芯褕褌邪; 锌芯褋邪写邪
springen	褋褌褉懈斜邪褌懈
de ziekte	褏胁芯褉芯斜邪
het toilet	褌褍邪谢械褌
de steen	泻邪屑褨薪褜
logisch	谢芯谐褨褔薪懈泄
landen	锌褉懈蟹械屑谢褟褌懈褋褟
verwachten	芯褔褨泻褍胁邪褌懈
dankbaar	胁写褟褔薪懈泄
de jury	卸褍褉褨, 锌褉懈褋褟卸薪褨
verslaan	锌械褉械屑芯谐褌懈
vangen	谢芯胁懈褌懈
testen	褌械褋褌褍胁邪褌懈
de grens	泻芯褉写芯薪, 屑械卸邪
nogmaals	褖械 褉邪蟹
steken	泻芯谢芯褌懈, 卸邪谢懈褌懈
de theorie	褌械芯褉褨褟
de kleur	泻芯谢褨褉
de prins	锌褉懈薪褑
vissen	谢芯胁懈褌懈 褉懈斜褍
de bron	写卸械褉械谢芯
het lid	褔谢械薪 (褍褔邪褋薪懈泻)
de drank	薪邪锌褨泄
de vergadering	蟹斜芯褉懈, 薪邪褉邪写邪
de machine	屑邪褕懈薪邪, 屑械褏邪薪褨蟹屑
het signaal	褋懈谐薪邪谢
het lijden	褋褌褉邪卸写邪薪薪褟
stappen	泻褉芯泻褍胁邪褌懈
eeuwig	胁褨褔薪懈泄
dik	褌芯胁褋褌懈泄
de verkoop	锌褉芯写邪卸
de rechtbank	褋褍写
genezen	谢褨泻褍胁邪褌懈, 芯写褍卸褍胁邪褌懈
de begrafenis	锌芯褏芯褉芯薪
het veld	锌芯谢械
de straf	锌芯泻邪褉邪薪薪褟
schattig	屑懈谢懈泄
het schot	锌芯褋褌褉褨谢
jagen	锌芯谢褞胁邪褌懈
tevreden	蟹邪写芯胁芯谢械薪懈泄
de taart	褌芯褉褌
de flat	泻胁邪褉褌懈褉邪
afmaken	蟹邪泻褨薪褔懈褌懈, 写芯褉芯斜懈褌懈
vriendelijk	锌褉懈胁褨褌薪懈泄, 写芯斜褉芯蟹懈褔谢懈胁懈泄
vluchten	褌褨泻邪褌懈
de pers	锌褉械褋邪; 锌褉械褋
het project	锌褉芯褦泻褌
het belang	褨薪褌械褉械褋, 蟹薪邪褔械薪薪褟
lukken	胁写邪胁邪褌懈褋褟
de prinses	锌褉懈薪褑械褋邪
het zwaard	屑械褔
aandoen	胁屑懈泻邪褌懈; 薪邪写褟谐邪褌懈
gedragen	锌芯胁芯写懈褌懈褋褟
ernstig	褋械褉泄芯蟹薪懈泄
gezond	蟹写芯褉芯胁懈泄
arresteren	蟹邪邪褉械褕褌褍胁邪褌懈
de tuin	褋邪写, 谐芯褉芯写
de vrijdag	锌'褟褌薪懈褑褟
opstaan	胁褋褌邪胁邪褌懈
de kunst	屑懈褋褌械褑褌胁芯
de minister	屑褨薪褨褋褌褉
de coach	褌褉械薪械褉
verboden	蟹邪斜芯褉芯薪械薪懈泄
de kelder	锌褨写胁邪谢
het gezelschap	褌芯胁邪褉懈褋褌胁芯, 泻芯屑锌邪薪褨褟
bijvoorbeeld	薪邪锌褉懈泻谢邪写
compleet	褑褨谢泻芯屑, 锌芯胁薪褨褋褌褞
eng	屑芯褌芯褉芯褕薪懈泄, 褋褌褉邪褕薪懈泄
het toeval	胁懈锌邪写泻芯胁褨褋褌褜
de melk	屑芯谢芯泻芯
lui	谢褨薪懈胁懈泄
genieten	薪邪褋芯谢芯写卸褍胁邪褌懈褋褟
aannemen	锌褉懈泄屑邪褌懈; 锌褉懈锌褍褋泻邪褌懈
uitstekend	褔褍写芯胁懈泄, 胁褨写屑褨薪薪懈泄
lenen	锌芯蟹懈褔邪褌懈
de moed	屑褍卸薪褨褋褌褜, 褋屑褨谢懈胁褨褋褌褜
reizen	锌芯写芯褉芯卸褍胁邪褌懈
de gedachte	写褍屑泻邪
roken	泻褍褉懈褌懈
de truck	胁邪薪褌邪卸褨胁泻邪
gaaf	泻谢邪褋薪懈泄; 褑褨谢懈泄
tegenwoordig	薪懈薪褨, 褋褍褔邪褋薪懈泄
de kwestie	锌懈褌邪薪薪褟, 褋锌褉邪胁邪
opzij	褍斜褨泻
de omgeving	芯泻芯谢懈褑褟, 芯褌芯褔械薪薪褟
de kip	泻褍褉泻邪
vanochtend	褋褜芯谐芯写薪褨 胁褉邪薪褑褨
de kast	褕邪褎邪
officieel	芯褎褨褑褨泄薪懈泄
het aanbod	锌褉芯锌芯蟹懈褑褨褟
menselijk	谢褞写褋褜泻懈泄
het contract	泻芯薪褌褉邪泻褌
flink	褔懈屑邪谢懈泄, 写芯斜褉褟褔懈泄
het genoegen	蟹邪写芯胁芯谢械薪薪褟
het internet	褨薪褌械褉薪械褌
de vloer	锌褨写谢芯谐邪
zwemmen	锌谢邪胁邪褌懈
de borst	谐褉褍写懈
schreeuwen	泻褉懈褔邪褌懈
vasthouden	褌褉懈屑邪褌懈
behandelen	谢褨泻褍胁邪褌懈; 锌芯胁芯写懈褌懈褋褟
de berg	谐芯褉邪
het noorden	锌褨胁薪褨褔
opgeven	蟹写邪胁邪褌懈褋褟; 胁泻邪蟹邪褌懈
bepaald	锌械胁薪懈泄
heus	褋锌褉邪胁写褨
koken	胁邪褉懈褌懈, 谐芯褌褍胁邪褌懈
eenvoudig	锌褉芯褋褌懈泄
de tent	薪邪屑械褌
de pauze	锌邪褍蟹邪, 锌械褉械褉胁邪
raden	胁谐邪写褍胁邪褌懈; 褉邪写懈褌懈
roepen	泻谢懈泻邪褌懈, 谐褍泻邪褌懈
de bek	写蟹褜芯斜; 锌邪褖邪
vervangen	蟹邪屑褨薪褞胁邪褌懈
het alarm	褌褉懈胁芯谐邪, 褋懈谐薪邪谢褨蟹邪褑褨褟
de interesse	褨薪褌械褉械褋
de kanker	褉邪泻 (褏胁芯褉芯斜邪)
beslissen	胁懈褉褨褕褍胁邪褌懈
het cadeau	锌芯写邪褉褍薪芯泻
de kerst	袪褨蟹写胁芯
de invloed	胁锌谢懈胁
het geheugen	锌邪屑'褟褌褜
het station	褋褌邪薪褑褨褟, 胁芯泻蟹邪谢
de vogel	锌褌邪褏
de verantwoordelijkheid	胁褨写锌芯胁褨写邪谢褜薪褨褋褌褜
het diner	胁械褔械褉褟, 芯斜褨写
het besluit	褉褨褕械薪薪褟
vlug	褕胁懈写泻懈泄
het verstand	褉芯蟹褍屑
de bescherming	蟹邪褏懈褋褌
de stilte	褌懈褕邪
de bak	褟褖懈泻, 泻芯薪褌械泄薪械褉
het papier	锌邪锌褨褉
zojuist	褖芯泄薪芯
vormen	褎芯褉屑褍胁邪褌懈, 褍褌胁芯褉褞胁邪褌懈
de storm	斜褍褉褟, 褕褌芯褉屑
de hoed	泻邪锌械谢褞褏
de leugen	斜褉械褏薪褟
de ambulance	褕胁懈写泻邪 写芯锌芯屑芯谐邪
beslist	斜械蟹褍屑芯胁薪芯, 褌芯褔薪芯
de pizza	锌褨褑邪
ontdekken	胁褨写泻褉懈胁邪褌懈, 胁懈褟胁谢褟褌懈
de eenheid	褦写薪褨褋褌褜; 芯写懈薪懈褑褟
het verzoek	锌褉芯褏邪薪薪褟, 蟹邪锌懈褌
overtuigen	锌械褉械泻芯薪褍胁邪褌懈
toegeven	胁懈蟹薪邪胁邪褌懈; 锌芯褋褌褍锌邪褌懈褋褟
de garage	谐邪褉邪卸
de vrees	褋褌褉邪褏, 锌芯斜芯褞胁邪薪薪褟
de big	锌芯褉芯褋褟
de kluis	褋械泄褎
de slaapkamer	褋锌邪谢褜薪褟
het wit	斜褨谢懈泄 泻芯谢褨褉
bezoeken	胁褨写胁褨写褍胁邪褌懈
de politiek	锌芯谢褨褌懈泻邪
de mogelijkheid	屑芯卸谢懈胁褨褋褌褜
vervelend	薪褍写薪懈泄, 薪械锌褉懈褦屑薪懈泄
rekenen	褉邪褏褍胁邪褌懈
de klap	褍写邪褉, 谢褟锌邪褋
aanbieden	锌褉芯锌芯薪褍胁邪褌懈
de streek	褉械谐褨芯薪, 屑褨褋褑械胁褨褋褌褜
de zaterdag	褋褍斜芯褌邪
het zicht	胁懈写, 蟹褨褉
de reactie	褉械邪泻褑褨褟
jazeker	褌邪泻, 蟹胁褨褋薪芯
het blauw	褋懈薪褨泄 泻芯谢褨褉
de schoonheid	泻褉邪褋邪
de klus	褉芯斜芯褌邪, 蟹邪胁写邪薪薪褟
de verandering	蟹屑褨薪邪
accepteren	锌褉懈泄屑邪褌懈
helen	蟹褑褨谢褞胁邪褌懈
aankomen	锌褉懈斜褍胁邪褌懈
verhuizen	锌械褉械褩卸写卸邪褌懈
de kust	褍蟹斜械褉械卸卸褟
het graf	屑芯谐懈谢邪
de dans	褌邪薪械褑褜
de taal	屑芯胁邪
de aanklacht	芯斜胁懈薪褍胁邪褔械薪薪褟
de overheid	胁谢邪写邪, 芯褉谐邪薪懈 胁谢邪写懈
lossen	褉芯蟹胁邪薪褌邪卸褍胁邪褌懈
uiteraard	蟹胁褨褋薪芯, 蟹褉芯蟹褍屑褨谢芯
gerust	褋锌芯泻褨泄薪懈泄, 斜械蟹 褌褉懈胁芯谐懈
de manager	屑械薪械写卸械褉
verdedigen	蟹邪褏懈褖邪褌懈
het westen	蟹邪褏褨写
amper	谢械写胁械
de stal	褏谢褨胁, 褋褌邪泄薪褟
het niveau	褉褨胁械薪褜
binnenkomen	蟹邪褏芯写懈褌懈, 胁褏芯写懈褌懈
de poging	褋锌褉芯斜邪
de stroom	锌芯褌褨泻; 械谢械泻褌褉芯褋褌褉褍屑
de wetenschap	薪邪褍泻邪
momenteel	薪邪褉邪蟹褨
vals	褎邪谢褜褕懈胁懈泄, 锌褨写褉芯斜谢械薪懈泄
de keel	谐芯褉谢芯
gouden	蟹芯谢芯褌懈泄
achterlaten	蟹邪谢懈褕邪褌懈 锌芯蟹邪写褍
het voordeel	锌械褉械胁邪谐邪
het geduld	褌械褉锌褨薪薪褟
de eeuw	褋褌芯谢褨褌褌褟
gescheiden	褉芯蟹写褨谢械薪懈泄; 褉芯蟹谢褍褔械薪懈泄
de snelheid	褕胁懈写泻褨褋褌褜
de rotzooi	斜械蟹谢邪写, 斜邪褉写邪泻
bidden	屑芯谢懈褌懈褋褟
de natuur	锌褉懈褉芯写邪
de buik	卸懈胁褨褌
de vinger	锌邪谢械褑褜
het virus	胁褨褉褍褋
het personeel	锌械褉褋芯薪邪谢
het zuiden	锌褨胁写械薪褜
het stof	锌懈谢; 褌泻邪薪懈薪邪
de badkamer	胁邪薪薪邪 泻褨屑薪邪褌邪
de zondag	薪械写褨谢褟
erheen	褌褍写懈
de smaak	褋屑邪泻
aanwezig	锌褉懈褋褍褌薪褨泄
de leraar	褍褔懈褌械谢褜
de maandag	锌芯薪械写褨谢芯泻
de woede	谢褞褌褜, 谐薪褨胁
studeren	薪邪胁褔邪褌懈褋褟, 胁懈胁褔邪褌懈
de kleding	芯写褟谐
eindigen	蟹邪泻褨薪褔褍胁邪褌懈(褋褟)
groeien	褉芯褋褌懈
de piloot	锌褨谢芯褌
het verslag	蟹胁褨褌, 褉械锌芯褉褌邪卸
de heks	胁褨写褜屑邪
waarschuwen	锌芯锌械褉械写卸邪褌懈
melden	锌芯胁褨写芯屑谢褟褌懈
de oceaan	芯泻械邪薪
het gas	谐邪蟹
voorlopig	褌懈屑褔邪褋芯胁懈泄, 锌芯泻懈 褖芯
verdacht	锌褨写芯蟹褉褨谢懈泄
priv茅	锌褉懈胁邪褌薪懈泄
de koffer	胁邪谢褨蟹邪
de zonde	谐褉褨褏
plegen	褍褔懈薪褟褌懈, 褋泻芯褞胁邪褌懈
het excuus	胁懈锌褉邪胁写邪薪薪褟, 胁懈斜邪褔械薪薪褟
dienen	褋谢褍卸懈褌懈
haten	薪械薪邪胁懈写褨褌懈
opgewonden	蟹斜褍写卸械薪懈泄, 褋褏胁懈谢褜芯胁邪薪懈泄
de boerderij	褎械褉屑邪
het bord	褌邪褉褨谢泻邪; 褌邪斜谢懈褔泻邪
herstellen	胁褨写薪芯胁谢褞胁邪褌懈, 谢邪谐芯写懈褌懈
morgenochtend	蟹邪胁褌褉邪 胁褉邪薪褑褨
de tong	褟蟹懈泻
vanmiddag	褋褜芯谐芯写薪褨 锌芯 芯斜褨写褨
verklaren	蟹邪褟胁谢褟褌懈, 锌芯褟褋薪褞胁邪褌懈
tegelijk	胁芯写薪芯褔邪褋
de marine	胁褨泄褋褜泻芯胁芯-屑芯褉褋褜泻懈泄 褎谢芯褌
de champagne	褕邪屑锌邪薪褋褜泻械
de chauffeur	胁芯写褨泄
wensen	斜邪卸邪褌懈
eenzaam	褋邪屑芯褌薪褨泄
het voorstel	锌褉芯锌芯蟹懈褑褨褟
de gouverneur	谐褍斜械褉薪邪褌芯褉
graven	泻芯锌邪褌懈
het terrein	褌械褉懈褌芯褉褨褟, 写褨谢褟薪泻邪
de ontmoeting	蟹褍褋褌褉褨褔
zwijgen	屑芯胁褔邪褌懈
ademen	写懈褏邪褌懈
het horloge	谐芯写懈薪薪懈泻 (薪邪褉褍褔薪懈泄)
de ronde	褉邪褍薪写, 泻芯谢芯
de pot	谐芯褉褖懈泻, 斜邪薪泻邪
het pensioen	锌械薪褋褨褟
vrolijk	胁械褋械谢懈泄
de poort	胁芯褉芯褌邪
het artikel	褋褌邪褌褌褟; 褌芯胁邪褉
de overval	锌芯谐褉邪斜褍胁邪薪薪褟, 薪邪锌邪写
netjes	芯褏邪泄薪懈泄, 褔械锌褍褉薪懈泄
aanraken	褌芯褉泻邪褌懈褋褟
de reputatie	褉械锌褍褌邪褑褨褟
het brood	褏谢褨斜
verstoppen	褏芯胁邪褌懈
de komst	锌褉懈斜褍褌褌褟
het voorbeeld	锌褉懈泻谢邪写
de geur	蟹邪锌邪褏, 邪褉芯屑邪褌
de dichter	锌芯械褌
het vliegveld	邪械褉芯写褉芯屑
de markt	褉懈薪芯泻
het centrum	褑械薪褌褉
ontzettend	卸邪褏谢懈胁芯, 薪邪写蟹胁懈褔邪泄薪芯
de beer	胁械写屑褨写褜
minstens	褖芯薪邪泄屑械薪褕械
het universum	胁褋械褋胁褨褌
de gezondheid	蟹写芯褉芯胁'褟
daarheen	褌褍写懈
de wijze	褋锌芯褋褨斜
de kerstmis	袪褨蟹写胁芯
de haven	锌芯褉褌, 谐邪胁邪薪褜
de huur	芯褉械薪写邪
de plicht	芯斜芯胁'褟蟹芯泻
omgaan	褋锌褨谢泻褍胁邪褌懈褋褟; 芯斜褏芯写懈褌懈褋褟
het materiaal	屑邪褌械褉褨邪谢
hartelijk	褋械褉写械褔薪懈泄, 褖懈褉懈泄
online	芯薪谢邪泄薪
bevelen	薪邪泻邪蟹褍胁邪褌懈
de priester	褋胁褟褖械薪薪懈泻
kloppen	褋褌褍泻邪褌懈; 斜褍褌懈 锌褉邪胁懈谢褜薪懈屑
de kaas	褋懈褉
opzoeken	胁褨写胁褨写邪褌懈; 褕褍泻邪褌懈 (褍 泻薪懈蟹褨)
schrikken	谢褟泻邪褌懈褋褟
het optreden	胁懈褋褌褍锌
het beroep	锌褉芯褎械褋褨褟
het motief	屑芯褌懈胁
verderop	写邪谢褨
de jacht	锌芯谢褞胁邪薪薪褟
scheiden	褉芯蟹写褨谢褟褌懈; 褉芯蟹谢褍褔邪褌懈褋褟
de jeugd	屑芯谢芯写褜, 褞薪褨褋褌褜
de engel	邪薪谐械谢
de kerstman	小胁褟褌懈泄 袦懈泻芯谢邪泄, 小邪薪褌邪
de toestand	褋褌邪薪, 褋懈褌褍邪褑褨褟
de technologie	褌械褏薪芯谢芯谐褨褟
lichten	锌褨写薪褨屑邪褌懈
bovendien	泻褉褨屑 褌芯谐芯
bewaren	蟹斜械褉褨谐邪褌懈
teleurgesteld	褉芯蟹褔邪褉芯胁邪薪懈泄
de vriendschap	写褉褍卸斜邪
de ramp	泻邪褌邪褋褌褉芯褎邪, 谢懈褏芯
richten	褋锌褉褟屑芯胁褍胁邪褌懈, 薪邪褑褨谢褞胁邪褌懈
steunen	锌褨写褌褉懈屑褍胁邪褌懈
de wolf	胁芯胁泻
dwars	锌芯锌械褉械泻, 薪邪胁褋泻褨褋
oefenen	褌褉械薪褍胁邪褌懈褋褟, 胁锌褉邪胁谢褟褌懈褋褟
bevestigen	锌褨写褌胁械褉写卸褍胁邪褌懈; 蟹邪泻褉褨锌谢褞胁邪褌懈
wijzen	胁泻邪蟹褍胁邪褌懈
het groen	蟹械谢械薪懈泄 泻芯谢褨褉
het zwembad	斜邪褋械泄薪
het verdriet	褋屑褍褌芯泻, 谐芯褉械
de winter	蟹懈屑邪
het geheel	褑褨谢械, 褋褍泻褍锌薪褨褋褌褜
de donder	谐褉褨屑
de koers	泻褍褉褋, 薪邪锌褉褟屑芯泻
de bekende	蟹薪邪泄芯屑懈泄 (谢褞写懈薪邪)
het wild	写懈褔懈薪邪
de regen	写芯褖
bepalen	胁懈蟹薪邪褔邪褌懈
berichten	锌芯胁褨写芯屑谢褟褌懈
samenwerken	褋锌褨胁锌褉邪褑褞胁邪褌懈
ruiken	薪褞褏邪褌懈, 锌邪褏薪褍褌懈
de klok	谐芯写懈薪薪懈泻 (薪邪褋褌褨薪薪懈泄)
de gemeenschap	褋锌褨谢褜薪芯褌邪, 谐褉芯屑邪写邪
redelijk	褉芯蟹褍屑薪懈泄, 写芯胁芯谢褨
getekend	锌芯蟹薪邪褔械薪懈泄, 锌褨写锌懈褋邪薪懈泄
de overwinning	锌械褉械屑芯谐邪
het onderwerp	褌械屑邪, 锌褉械写屑械褌
de olie	芯谢褨褟, 薪邪褎褌邪
bewust	褋胁褨写芯屑懈泄, 褋胁褨写芯屑芯
de bemanning	械泻褨锌邪卸
tellen	褉邪褏褍胁邪褌懈
groeten	胁褨褌邪褌懈
de maag	褕谢褍薪芯泻
beantwoorden	胁褨写锌芯胁褨写邪褌懈 薪邪
wandelen	谐褍谢褟褌懈 锌褨褕泻懈
de waarschuwing	锌芯锌械褉械写卸械薪薪褟
de kist	褋泻褉懈薪褟, 褟褖懈泻
de training	褌褉械薪褍胁邪薪薪褟
de race	锌械褉械谐芯薪懈
het gedeelte	褔邪褋褌懈薪邪
wassen	屑懈褌懈, 锌褉邪褌懈
ophangen	胁褨褕邪褌懈; 锌芯泻谢邪褋褌懈 褋谢褍褏邪胁泻褍
de douche	写褍褕
reageren	褉械邪谐褍胁邪褌懈
het oor	胁褍褏芯
wedden	蟹邪泻谢邪写邪褌懈褋褟
meedoen	斜褉邪褌懈 褍褔邪褋褌褜
de winst	锌褉懈斜褍褌芯泻, 胁懈谐褉邪褕
gereed	谐芯褌芯胁懈泄
de middag	锌芯谢褍写械薪褜, 芯斜褨写
het lijf	褌褨谢芯
onthouden	蟹邪锌邪屑'褟褌芯胁褍胁邪褌懈
daarop	锌褨褋谢褟 褑褜芯谐芯
de identiteit	芯褋芯斜邪, 褨写械薪褌懈褔薪褨褋褌褜
de crimineel	蟹谢芯褔懈薪械褑褜
openbaar	锌褍斜谢褨褔薪懈泄, 谐褉芯屑邪写褋褜泻懈泄
verpesten	蟹褨锌褋褍胁邪褌懈
de bewaker	芯褏芯褉芯薪械褑褜
letten	蟹胁械褉褌邪褌懈 褍胁邪谐褍
de explosie	胁懈斜褍褏
indrukwekkend	胁褉邪卸邪褞褔懈泄
plotseling	褉邪锌褌芯胁芯
ingewikkeld	褋泻谢邪写薪懈泄, 蟹邪锌谢褍褌邪薪懈泄
het lied	锌褨褋薪褟
het besef	褍褋胁褨写芯屑谢械薪薪褟
de spiegel	写蟹械褉泻邪谢芯
onlangs	薪械褖芯写邪胁薪芯
de stand	锌芯谢芯卸械薪薪褟; 褉邪褏褍薪芯泻
de woestijn	锌褍褋褌械谢褟
gedwongen	胁懈屑褍褕械薪懈泄
gezellig	蟹邪褌懈褕薪懈泄, 锌褉懈褦屑薪懈泄
lunchen	芯斜褨写邪褌懈
het seizoen	褋械蟹芯薪
de pagina	褋褌芯褉褨薪泻邪
de vlieg	屑褍褏邪
de bril	芯泻褍谢褟褉懈
spannend	蟹邪褏芯锌谢懈胁懈泄, 薪邪锌褉褍卸械薪懈泄
de mensheid	谢褞写褋褌胁芯
botten	褋褌懈泻邪褌懈褋褟
de herinnering	褋锌芯谐邪写
de pop	谢褟谢褜泻邪
verschuldigd	胁懈薪薪懈泄 (斜芯褉谐)
zielig	卸邪谢褞谐褨写薪懈泄, 薪械褖邪褋薪懈泄
de hal	褏芯谢, 蟹邪谢
letterlijk	斜褍泻胁邪谢褜薪芯
walgelijk	芯谐懈写薪懈泄
smerig	斜褉褍写薪懈泄
verwijderen	胁懈写邪谢褟褌懈
uitzien	胁懈谐谢褟写邪褌懈; 褔械泻邪褌懈 蟹 薪械褌械褉锌褨薪薪褟屑
het lef	褋屑褨谢懈胁褨褋褌褜, 蟹褍褏胁邪谢褨褋褌褜
ontslaan	蟹胁褨谢褜薪褟褌懈 (蟹 褉芯斜芯褌懈)
verzamelen	蟹斜懈褉邪褌懈
de jongeman	褞薪邪泻
het huiswerk	写芯屑邪褕薪褦 蟹邪胁写邪薪薪褟
verontschuldigen	胁懈斜邪褔邪褌懈(褋褟)
lelijk	锌芯褌胁芯褉薪懈泄
verbaasd	蟹写懈胁芯胁邪薪懈泄
het vuil	斜褉褍写
ondertussen	褌懈屑 褔邪褋芯屑
de leest	泻芯谢芯写泻邪 (褕械胁褋褜泻邪)
verplaatsen	锌械褉械屑褨褖邪褌懈
starten	锌芯褔懈薪邪褌懈, 蟹邪锌褍褋泻邪褌懈
de scheiding	褉芯蟹谢褍褔械薪薪褟; 褉芯蟹写褨谢械薪薪褟
snijden	褉褨蟹邪褌懈
het touw	屑芯褌褍蟹泻邪
de ellende	斜褨写邪, 蟹谢懈写薪褨
klagen	褋泻邪褉卸懈褌懈褋褟
zacht	屑'褟泻懈泄
de aap	屑邪胁锌邪
dringend	褌械褉屑褨薪芯胁懈泄
teruggaan	锌芯胁械褉褌邪褌懈褋褟
eisen	胁懈屑邪谐邪褌懈
veroordeeld	蟹邪褋褍写卸械薪懈泄
neerschieten	蟹邪褋褌褉械谢懈褌懈
de vloek	锌褉芯泻谢褟褌褌褟
de rand	泻褉邪泄, 芯斜褨写
de tel	谢褨泻, 褉邪褏褍薪芯泻
romantisch	褉芯屑邪薪褌懈褔薪懈泄
middelen	褍褋械褉械写薪褞胁邪褌懈
leveren	锌芯褋褌邪褔邪褌懈
het hof	写胁褨褉 (泻芯褉芯谢褨胁褋褜泻懈泄); 褋褍写
de schaduw	褌褨薪褜
het kasteel	蟹邪屑芯泻 (斜褍写褨胁谢褟)
branden	谐芯褉褨褌懈
het resultaat	褉械蟹褍谢褜褌邪褌
constant	锌芯褋褌褨泄薪懈泄
wanhopig	胁褨写褔邪泄写褍褕薪懈泄
waardeloos	薪褨泻褔械屑薪懈泄, 薪械锌芯褌褉褨斜薪懈泄
merken	锌芯屑褨褔邪褌懈; 锌芯蟹薪邪褔邪褌懈
ongerust	褋褌褉懈胁芯卸械薪懈泄
de fiets	胁械谢芯褋懈锌械写
opruimen	锌褉懈斜懈褉邪褌懈
de overeenkomst	褋褏芯卸褨褋褌褜; 褍谐芯写邪
het schilderij	泻邪褉褌懈薪邪
het brein	屑芯蟹芯泻
vervolgens	锌芯褌褨屑, 写邪谢褨
de fabriek	褎邪斜褉懈泻邪, 蟹邪胁芯写
geschikt	锌褉懈写邪褌薪懈泄, 胁褨写锌芯胁褨写薪懈泄
ontspannen	褉芯蟹褋谢邪斜谢褟褌懈褋褟
het apparaat	锌褉懈褋褌褉褨泄, 邪锌邪褉邪褌
storen	蟹邪胁邪卸邪褌懈, 褌褍褉斜褍胁邪褌懈
handelen	写褨褟褌懈; 褌芯褉谐褍胁邪褌懈
dwingen	蟹屑褍褕褍胁邪褌懈
de slang	蟹屑褨褟; 褕谢邪薪谐
de student	褋褌褍写械薪褌
opdagen	蟹'褟胁懈褌懈褋褟
volkomen	褑褨谢泻芯胁懈褌懈泄, 锌芯胁薪褨褋褌褞
de duisternis	褌械屑褉褟胁邪
de schouder	锌谢械褔械
dwaas	写褍褉薪懈泄, 斜械蟹谐谢褍蟹写懈泄
verdrietig	褋褍屑薪懈泄
het bereik	写芯褋褟卸薪褨褋褌褜, 褉邪写褨褍褋
de spion	褕锌懈谐褍薪
de wond	褉邪薪邪
de campagne	泻邪屑锌邪薪褨褟
de dinsdag	胁褨胁褌芯褉芯泻
de lever	锌械褔褨薪泻邪
de verbinding	蟹'褦写薪邪薪薪褟, 蟹胁'褟蟹芯泻
het dek	锌邪谢褍斜邪
meegaan	褨褌懈 褉邪蟹芯屑
nieuwsgierig	褑褨泻邪胁懈泄, 写芯锌懈褌谢懈胁懈泄
helder	褟褋薪懈泄, 褋胁褨褌谢懈泄
omlaag	胁薪懈蟹
het oosten	褋褏褨写
namelijk	邪 褋邪屑械, 邪写卸械
overeen	褍蟹谐芯写卸械薪芯
kanten	屑械褉械卸懈胁薪懈泄
het gewicht	胁邪谐邪
bedrijven	褔懈薪懈褌懈, 蟹邪泄屑邪褌懈褋褟
het geschenk	锌芯写邪褉褍薪芯泻
negeren	褨谐薪芯褉褍胁邪褌懈
de sneeuw	褋薪褨谐
het zand	锌褨褋芯泻
de illegaal	薪械谢械谐邪谢
voort	写邪谢褨, 胁锌械褉械写
het varken	褋胁懈薪褟
prettig	锌褉懈褦屑薪懈泄
de donderdag	褔械褌胁械褉
het hout	写械褉械胁懈薪邪
sindsdien	胁褨写褌芯写褨
de vaste	锌芯褋褌褨泄薪懈泄
de truc	褌褉褞泻, 褏懈褌褉褨褋褌褜
wegen	胁邪卸懈褌懈
planten	褋邪写懈褌懈
de pen	褉褍褔泻邪; 锌械褉芯
de aanwezigheid	锌褉懈褋褍褌薪褨褋褌褜
de stemming	薪邪褋褌褉褨泄
gericht	褋锌褉褟屑芯胁邪薪懈泄
duwen	褕褌芯胁褏邪褌懈
de tip	锌芯褉邪写邪; 泻褨薪褔懈泻
opeten	蟹'褩褋褌懈
dapper	褏芯褉芯斜褉懈泄
concentreren	蟹芯褋械褉械写卸褍胁邪褌懈褋褟
beschikbaar	写芯褋褌褍锌薪懈泄
bezorgen	写芯褋褌邪胁谢褟褌懈
het hek	锌邪褉泻邪薪, 芯谐芯褉芯卸邪
on	薪械-, 斜械蟹-
achterna	褍褋谢褨写, 蟹邪
de golf	褏胁懈谢褟; 谐芯谢褜褎
het caf茅	泻邪褎械
de suiker	褑褍泻芯褉
gevoelig	褔褍褌谢懈胁懈泄
het gras	褌褉邪胁邪
filmen	蟹薪褨屑邪褌懈 薪邪 胁褨写械芯
de tunnel	褌褍薪械谢褜
verstandig	褉芯蟹褍屑薪懈泄, 褉芯蟹胁邪卸谢懈胁懈泄
de organisatie	芯褉谐邪薪褨蟹邪褑褨褟
voorgoed	薪邪蟹邪胁卸写懈
meekomen	褨褌懈 褉邪蟹芯屑
doorbrengen	锌褉芯胁芯写懈褌懈 (褔邪褋)
puur	褔懈褋褌懈泄
het interview	褨薪褌械褉胁'褞
het middel	蟹邪褋褨斜; 褌邪谢褨褟
de geboorte	薪邪褉芯写卸械薪薪褟
het podium	褋褑械薪邪, 锌芯写褨褍屑
het effect	械褎械泻褌
veroorzaken	褋锌褉懈褔懈薪褟褌懈
de bibliotheek	斜褨斜谢褨芯褌械泻邪
de schrijver	锌懈褋褜屑械薪薪懈泻
beloven	芯斜褨褑褟褌懈
identificeren	褨写械薪褌懈褎褨泻褍胁邪褌懈
de hut	褏邪褌懈薪邪, 泻邪褞褌邪
volgend	薪邪褋褌褍锌薪懈泄
gecontroleerd	锌械褉械胁褨褉械薪懈泄, 泻芯薪褌褉芯谢褜芯胁邪薪懈泄
beroemd	胁褨写芯屑懈泄, 蟹薪邪屑械薪懈褌懈泄
het masker	屑邪褋泻邪
scherp	谐芯褋褌褉懈泄
trainen	褌褉械薪褍胁邪褌懈
de kampioen	褔械屑锌褨芯薪
de oproep	蟹邪泻谢懈泻; 胁懈泻谢懈泻
veroorloven	写芯蟹胁芯谢褟褌懈 褋芯斜褨
de helikopter	胁械褉褌芯谢褨褌
vies	斜褉褍写薪懈泄
uitgaan	胁懈褏芯写懈褌懈; 谐褍谢褟褌懈
de bruid	薪邪褉械褔械薪邪
de benzine	斜械薪蟹懈薪
de keizer	褨屑锌械褉邪褌芯褉
voeden	谐芯写褍胁邪褌懈
het gif	芯褌褉褍褌邪
de uitnodiging	蟹邪锌褉芯褕械薪薪褟
de ketting	谢邪薪褑褞谐
schitterend	斜谢懈褋泻褍褔懈泄, 褔褍写芯胁懈泄
de zekerheid	褍锌械胁薪械薪褨褋褌褜, 谐邪褉邪薪褌褨褟
de kliniek	泻谢褨薪褨泻邪
het museum	屑褍蟹械泄
bevrijden	蟹胁褨谢褜薪褟褌懈
de ramen	褉邪屑械薪 (谢芯泻褕懈薪邪)
de rechtszaak	褋褍写芯胁邪 褋锌褉邪胁邪
de kopie	泻芯锌褨褟
feesten	褋胁褟褌泻褍胁邪褌懈
de rommel	屑芯褌谢芯褏, 斜械蟹谢邪写
live	薪邪卸懈胁芯
roze	褉芯卸械胁懈泄
flauw	锌褉褨褋薪懈泄; 薪褍写薪懈泄
gewoonlijk	蟹邪蟹胁懈褔邪泄
de grootvader	写褨写褍褋褜
de voorzitter	谐芯谢芯胁邪 (蟹斜芯褉褨胁)
de bodem	写薪芯, 覒褉褍薪褌
repareren	褉械屑芯薪褌褍胁邪褌懈
bewusteloos	薪械锌褉懈褌芯屑薪懈泄
herkennen	褍锌褨蟹薪邪胁邪褌懈
de behoefte	锌芯褌褉械斜邪
de oorzaak	锌褉懈褔懈薪邪
de centrale	褑械薪褌褉; 械谢械泻褌褉芯褋褌邪薪褑褨褟
danken	写褟泻褍胁邪褌懈
de rat	褖褍褉
weglopen	褌褨泻邪褌懈, 褨褌懈 谐械褌褜
medisch	屑械写懈褔薪懈泄
de gelegenheid	薪邪谐芯写邪, 屑芯卸谢懈胁褨褋褌褜
grenzen	屑械卸褍胁邪褌懈
de bijeenkomst	蟹褨斜褉邪薪薪褟, 蟹褍褋褌褉褨褔
de uitdaging	胁懈泻谢懈泻
onderhandelen	胁械褋褌懈 锌械褉械谐芯胁芯褉懈
overvallen	薪邪锌邪褋褌懈, 锌芯谐褉邪斜褍胁邪褌懈
triest	褋褍屑薪懈泄, 卸邪谢褞谐褨写薪懈泄
slagen	写芯褋褟谐褌懈 褍褋锌褨褏褍, 褋泻谢邪褋褌懈 褨褋锌懈褌
het kruis	褏褉械褋褌
technisch	褌械褏薪褨褔薪懈泄
het ogenblik	屑懈褌褜, 屑芯屑械薪褌
droog	褋褍褏懈泄
excuseren	胁懈斜邪褔邪褌懈
het kleed	锌芯泻褉懈胁邪谢芯, 褋褍泻薪褟
de maaltijd	锌褉懈泄芯屑 褩卸褨, 褌褉邪锌械蟹邪
het vuren	褟谢懈薪芯胁邪 写械褉械胁懈薪邪
de fantasie	褎邪薪褌邪蟹褨褟, 褍褟胁邪
aanpakken	斜褉邪褌懈褋褟 蟹邪, 褍蟹褟褌懈褋褟
afhandelen	蟹邪谢邪谐芯写懈褌懈, 芯褎芯褉屑懈褌懈
de bijbel	斜褨斜谢褨褟
de studie	薪邪胁褔邪薪薪褟, 写芯褋谢褨写卸械薪薪褟
het schema	褋褏械屑邪, 谐褉邪褎褨泻
het vers	胁褨褉褕, 褋褌褉芯褎邪
overnemen	锌械褉械泄屑邪褌懈, 斜褉邪褌懈 薪邪 褋械斜械
waarderen	褑褨薪褍胁邪褌懈
tranen	褋谢褜芯蟹懈褌懈褋褟
groots	胁械谢懈褔薪懈泄, 谐褉邪薪写褨芯蟹薪懈泄
boeten	褉芯蟹锌谢邪褔褍胁邪褌懈褋褟
de staart	褏胁褨褋褌
ondervragen	写芯锌懈褌褍胁邪褌懈
tijdelijk	褌懈屑褔邪褋芯胁懈泄
klinken	蟹胁褍褔邪褌懈
morgenavond	蟹邪胁褌褉邪 胁胁械褔械褉褨
de aanslag	蟹邪屑邪褏, 褌械褉邪泻褌
de proef	锌褉芯斜邪, 褨褋锌懈褌
ontstaan	胁懈薪懈泻邪褌懈
kennelijk	芯褔械胁懈写薪芯
de soep	褋褍锌
het oordeel	褋褍写卸械薪薪褟, 胁懈褉芯泻
de bloeddruk	泻褉芯胁'褟薪懈泄 褌懈褋泻
vijfde	锌'褟褌懈泄
pijnlijk	斜芯谢褞褔懈泄
blazen	写褍褌懈
het bot	泻褨褋褌泻邪
het ei	褟泄褑械
de tekst	褌械泻褋褌
de sc猫ne	褋褑械薪邪
het uitzicht	泻褉邪褦胁懈写, 胁懈写
de vooruitgang	锌褉芯谐褉械褋
de mei	褌褉邪胁械薪褜
dodelijk	褋屑械褉褌械谢褜薪懈泄
bestellen	蟹邪屑芯胁谢褟褌懈
plassen	屑芯褔懈褌懈褋褟
de affaire	褋锌褉邪胁邪, 褉芯屑邪薪 (褋褌芯褋褍薪泻懈)
verzinnen	胁懈谐邪写褍胁邪褌懈
het vat	斜芯褔泻邪, 褦屑薪褨褋褌褜
verspreiden	锌芯褕懈褉褞胁邪褌懈
vullen	薪邪锌芯胁薪褞胁邪褌懈
het vermogen	蟹写邪褌薪褨褋褌褜; 褋褌邪褌芯泻
de realiteit	褉械邪谢褜薪褨褋褌褜
doodgaan	锌芯屑懈褉邪褌懈
telkens	褖芯褉邪蟹褍
overstuur	蟹邪褋屑褍褔械薪懈泄, 褋褏胁懈谢褜芯胁邪薪懈泄
de dominee	锌邪褋褌芯褉
bekennen	蟹褨蟹薪邪胁邪褌懈褋褟
verdwaald	蟹邪斜谢褍泻邪薪懈泄
wetten	谐芯褋褌褉懈褌懈
zenuwachtig	蟹薪械褉胁芯胁邪薪懈泄
het koninkrijk	泻芯褉芯谢褨胁褋褌胁芯
uitvoeren	胁懈泻芯薪褍胁邪褌懈
de vrachtwagen	胁邪薪褌邪卸褨胁泻邪
de tank	斜邪泻; 褌邪薪泻
vanzelf	褋邪屑芯 褋芯斜芯褞
verbranden	褋锌邪谢褞胁邪褌懈
onbekend	薪械胁褨写芯屑懈泄
het theater	褌械邪褌褉
de koorts	谐邪褉褟褔泻邪, 褌械屑锌械褉邪褌褍褉邪
de ingang	胁褏褨写
stabiel	褋褌邪斜褨谢褜薪懈泄
het noodgeval	薪邪写蟹胁懈褔邪泄薪懈泄 胁懈锌邪写芯泻
de datum	写邪褌邪
correct	锌褉邪胁懈谢褜薪懈泄
de nood	斜褨写邪, 褋泻褉褍褌邪
de woning	卸懈褌谢芯, 锌芯屑械褕泻邪薪薪褟
wonden	褉邪薪懈褌懈
afdrukken	写褉褍泻褍胁邪褌懈
het netwerk	屑械褉械卸邪
de periode	锌械褉褨芯写
doorlopen	锌褉芯褏芯写懈褌懈 薪邪褋泻褉褨蟹褜
de achtergrond	褎芯薪, 褌谢芯
dubbel	锌芯写胁褨泄薪懈泄
het kerstfeest	袪褨蟹写胁芯
hartstikke	写褍卸械, 褋褌褉邪褕械薪薪芯
de schuur	褋邪褉邪泄, 泻芯屑芯褉邪
de achterkant	蟹胁芯褉芯褌薪懈泄 斜褨泻
schudden	褌褉褟褋褌懈, 褌褉褍褋懈褌懈
kwetsen	芯斜褉邪卸邪褌懈, 褉邪薪懈褌懈
de arrestatie	邪褉械褕褌
de communicatie	褋锌褨谢泻褍胁邪薪薪褟, 泻芯屑褍薪褨泻邪褑褨褟
uitmaken	屑邪褌懈 蟹薪邪褔械薪薪褟; 褉芯蟹谢褍褔懈褌懈褋褟
allang	褍卸械 写邪胁薪芯
trappen	薪邪褋褌褍锌邪褌懈, 泻芯锌邪褌懈
langskomen	蟹邪褏芯写懈褌懈, 锌褉芯褩卸写卸邪褌懈 锌芯胁蟹
de daad	胁褔懈薪芯泻, 写褨褟
de knop	泻薪芯锌泻邪; 褉褍褔泻邪
bevriend	写褉褍卸薪褨泄, 褍 写褉褍卸斜褨
geraken	锌芯褌褉邪锌谢褟褌懈, 写芯褋褟谐邪褌懈
cre毛ren	褋褌胁芯褉褞胁邪褌懈
doodsbang	写芯 褋屑械褉褌褨 薪邪谢褟泻邪薪懈泄
de casino	泻邪蟹懈薪芯
afschuwelijk	卸邪褏谢懈胁懈泄, 芯谐懈写薪懈泄
de diefstal	泻褉邪写褨卸泻邪
de legende	谢械谐械薪写邪
de grot	锌械褔械褉邪
proeven	泻褍褕褌褍胁邪褌懈
grijpen	褏邪锌邪褌懈
oppakken	锌褨写斜懈褉邪褌懈; 蟹邪褌褉懈屑邪褌懈
terugtrekken	胁褨写褋褌褍锌邪褌懈, 胁褨写泻谢懈泻邪褌懈
zoenen	褑褨谢褍胁邪褌懈褋褟
de toren	胁械卸邪
het eigendom	胁谢邪褋薪褨褋褌褜
verplicht	芯斜芯胁'褟蟹泻芯胁懈泄
de zieke	褏胁芯褉懈泄
voorbereiden	谐芯褌褍胁邪褌懈, 锌褨写谐芯褌褍胁邪褌懈
loslaten	胁褨写锌褍褋泻邪褌懈
de portemonnee	谐邪屑邪薪械褑褜
het gebrek	薪械褋褌邪褔邪, 斜褉邪泻
ruilen	芯斜屑褨薪褞胁邪褌懈
aantrekkelijk	锌褉懈胁邪斜谢懈胁懈泄
riskeren	褉懈蟹懈泻褍胁邪褌懈
weghalen	锌褉懈斜懈褉邪褌懈, 蟹邪斜懈褉邪褌懈
de passie	锌褉懈褋褌褉邪褋褌褜
de kandidaat	泻邪薪写懈写邪褌
de serie	褋械褉褨褟, 褋械褉褨邪谢
voorzien	蟹邪斜械蟹锌械褔褍胁邪褌懈, 锌械褉械写斜邪褔邪褌懈
de rit	锌芯褩蟹写泻邪
de discussie	写懈褋泻褍褋褨褟
het medicijn	谢褨泻懈
de televisie	褌械谢械斜邪褔械薪薪褟
het ministerie	屑褨薪褨褋褌械褉褋褌胁芯
krankzinnig	斜芯卸械胁褨谢褜薪懈泄
populair	锌芯锌褍谢褟褉薪懈泄
de verzekering	褋褌褉邪褏褍胁邪薪薪褟
de koelkast	褏芯谢芯写懈谢褜薪懈泻
de pest	褔褍屑邪
overgeven	锌械褉械写邪胁邪褌懈; 斜谢褞胁邪褌懈
het nut	泻芯褉懈褋褌褜, 褋械薪褋
de euro	褦胁褉芯
het incident	褨薪褑懈写械薪褌
het commentaar	泻芯屑械薪褌邪褉
ervaren	胁褨写褔褍胁邪褌懈, 锌械褉械卸懈胁邪褌懈
doorzoeken	芯斜褕褍泻褍胁邪褌懈
het vak	锌褉械写屑械褌; 胁褨写写褨谢械薪薪褟
de dorst	褋锌褉邪谐邪
de koe	泻芯褉芯胁邪
tenslotte	蟹褉械褕褌芯褞, 胁褉械褕褌褨
vandaar	蟹胁褨写褋懈, 褌芯屑褍
de titel	薪邪蟹胁邪, 褌懈褌褍谢
de privacy	锌褉懈胁邪褌薪褨褋褌褜
het heelal	胁褋械褋胁褨褌
verspillen	屑邪褉薪褍胁邪褌懈
het speelgoed	褨谐褉邪褕泻懈
de tape	褋褌褉褨褔泻邪, 褋泻芯褌褔
het bewustzijn	褋胁褨写芯屑褨褋褌褜
de vlag	锌褉邪锌芯褉
rollen	泻芯褌懈褌懈, 泻芯褌懈褌懈褋褟
gespannen	薪邪锌褉褍卸械薪懈泄
terugkeren	锌芯胁械褉褌邪褌懈褋褟
de crisis	泻褉懈蟹邪
de zoektocht	锌芯褕褍泻懈
emotioneel	械屑芯褑褨泄薪懈泄
de overkant	锌褉芯褌懈谢械卸薪懈泄 斜褨泻
de premier	锌褉械屑'褦褉-屑褨薪褨褋褌褉
de greep	褏胁邪褌泻邪, 蟹邪褏胁邪褌
rechtstreeks	锌褉褟屑懈泄, 斜械蟹锌芯褋械褉械写薪褜芯
weigeren	胁褨写屑芯胁谢褟褌懈褋褟
het avontuur	锌褉懈谐芯写邪
tevoorschijn	薪邪蟹芯胁薪褨, 薪邪 胁懈写薪芯褌褨
de roman	褉芯屑邪薪 (泻薪懈谐邪)
de glimlach	褍褋屑褨褕泻邪
goedkoop	写械褕械胁懈泄
strak	褌褍谐芯, 薪邪褌褟谐薪褍褌懈泄
de spanning	薪邪锌褉褍谐邪, 薪邪锌褉褍卸械薪薪褟
het karakter	褏邪褉邪泻褌械褉
lessen	褍谐邪屑芯胁褍胁邪褌懈 (褋锌褉邪谐褍)
het college	谢械泻褑褨褟; 泻芯谢械谐褨褟
verlegen	褋芯褉芯屑'褟蟹谢懈胁懈泄
toestaan	写芯蟹胁芯谢褟褌懈
het paspoort	锌邪褋锌芯褉褌
apart	芯泻褉械屑懈泄
de oudste	薪邪泄褋褌邪褉褕懈泄
uitschakelen	胁懈屑懈泻邪褌懈
het voertuig	褌褉邪薪褋锌芯褉褌薪懈泄 蟹邪褋褨斜
de link	锌芯褋懈谢邪薪薪褟
de agenda	褖芯写械薪薪懈泻, 锌芯褉褟写芯泻 写械薪薪懈泄
de nazi	薪邪褑懈褋褌
de chirurg	褏褨褉褍褉谐
de robot	褉芯斜芯褌
nuttig	泻芯褉懈褋薪懈泄
de uitslag	褉械蟹褍谢褜褌邪褌
het zout	褋褨谢褜
het afval	褋屑褨褌褌褟, 胁褨写褏芯写懈
de temperatuur	褌械屑锌械褉邪褌褍褉邪
ongelukkig	薪械褖邪褋薪懈泄, 薪械胁写邪谢懈泄
het tijdstip	屑芯屑械薪褌 褔邪褋褍
drukken	褌懈褋薪褍褌懈, 薪邪褌懈褋泻邪褌懈
snappen	褉芯蟹褍屑褨褌懈, 写芯谐邪薪褟褌懈
de betekenis	蟹薪邪褔械薪薪褟
de aard	胁写邪褔邪, 褏邪褉邪泻褌械褉
het gevolg	薪邪褋谢褨写芯泻
moedig	褏芯褉芯斜褉懈泄
de woensdag	褋械褉械写邪
handig	蟹褉褍褔薪懈泄, 胁锌褉邪胁薪懈泄
de journalist	卸褍褉薪邪谢褨褋褌
wennen	蟹胁懈泻邪褌懈
de ambassadeur	锌芯褋芯谢
de acteur	邪泻褌芯褉
geslaagd	褍褋锌褨褕薪懈泄, 胁写邪谢懈泄
schoonmaken	锌褉懈斜懈褉邪褌懈, 褔懈褋褌懈褌懈
de snelweg	邪胁褌芯屑邪谐褨褋褌褉邪谢褜
het plastic	锌谢邪褋褌懈泻
het experiment	械泻褋锌械褉懈屑械薪褌
