blank	斜谢褨写懈泄, 斜褨谢懈泄
achterover	薪邪蟹邪写, 谐芯褉褨谢懈褑褜
het tiende	写械褋褟褌懈薪邪
de pasta	锌邪褋褌邪
de strot	谐芯褉谢芯, 谐芯褉谢褟薪泻邪
posten	胁褨写锌褉邪胁谢褟褌懈 锌芯褕褌芯褞
bedekken	薪邪泻褉懈胁邪褌懈, 褍泻褉懈胁邪褌懈
de kloof	锌褉褨褉胁邪, 褍褖械谢懈薪邪
biologisch	斜褨芯谢芯谐褨褔薪懈泄
middenin	锌芯褋械褉械写懈薪褨
de halte	蟹褍锌懈薪泻邪
oneindig	薪械褋泻褨薪褔械薪薪懈泄
onvoorspelbaar	薪械锌械褉械写斜邪褔褍胁邪薪懈泄
aanvragen	锌芯写邪胁邪褌懈 蟹邪褟胁泻褍, 蟹邪屑芯胁谢褟褌懈
neerhalen	蟹斜懈胁邪褌懈, 蟹薪芯褋懈褌懈
het parlement	锌邪褉谢邪屑械薪褌
schermen	褎械褏褌褍胁邪褌懈
de verwarming	芯锌邪谢械薪薪褟
flikken	褍褌薪褍褌懈, 锌褉芯胁械褉薪褍褌懈
bederven	锌褋褍胁邪褌懈褋褟
de vijver	褋褌邪胁芯泻
de noordpool	锌褨胁薪褨褔薪懈泄 锌芯谢褞褋
eindig	褋泻褨薪褔械薪薪懈泄
losmaken	胁褨写胁'褟蟹褍胁邪褌懈, 褉芯蟹褋褌褨斜邪褌懈
daartoe	写谢褟 褑褜芯谐芯, 蟹 褑褨褦褞 屑械褌芯褞
de constante	泻芯薪褋褌邪薪褌邪
angstig	斜芯褟蟹泻懈泄, 褌褉懈胁芯卸薪懈泄
identiek	褨写械薪褌懈褔薪懈泄
de uitkomst	褉械蟹褍谢褜褌邪褌, 薪邪褋谢褨写芯泻
vastzitten	蟹邪褋褌褉褟谐褌懈
de gastvrijheid	谐芯褋褌懈薪薪褨褋褌褜
elimineren	褍褋褍胁邪褌懈, 谢褨泻胁褨写褍胁邪褌懈
lekken	锌褉芯褌褨泻邪褌懈
de viool	褋泻褉懈锌泻邪
sentimenteel	褋械薪褌懈屑械薪褌邪谢褜薪懈泄
de drang	锌芯褌褟谐, 褌懈褋泻
de armoede	斜褨写薪褨褋褌褜
de afgrond	锌褉褨褉胁邪
de paraplu	锌邪褉邪褋芯谢褜泻邪
de sint	褋胁褟褌懈泄
knallen	斜邪褏泻邪褌懈, 谐褉懈屑褨褌懈
de zanger	褋锌褨胁邪泻
opvallen	胁锌邪写邪褌懈 胁 芯泻芯, 胁懈褉褨蟹薪褟褌懈褋褟
het potlood	芯谢褨胁械褑褜
lesgeven	胁懈泻谢邪写邪褌懈
het harnas	芯斜谢邪写褍薪芯泻
immuun	褨屑褍薪薪懈泄, 薪械褋锌褉懈泄薪褟褌谢懈胁懈泄
de impact	胁锌谢懈胁, 褍写邪褉
interviewen	斜褉邪褌懈 褨薪褌械褉胁'褞
vertonen	锌芯泻邪蟹褍胁邪褌懈, 写械屑芯薪褋褌褉褍胁邪褌懈
omgekeerd	蟹胁芯褉芯褌薪懈泄, 薪邪胁锌邪泻懈
akelig	斜褉懈写泻懈泄, 屑芯褌芯褉芯褕薪懈泄
inademen	胁写懈褏邪褌懈
functioneren	褎褍薪泻褑褨芯薪褍胁邪褌懈
het riool	泻邪薪邪谢褨蟹邪褑褨褟
schaden	褕泻芯写懈褌懈
de biologie	斜褨芯谢芯谐褨褟
oppervlakkig	锌芯胁械褉褏芯胁懈泄
gestrest	褍 褋褌褉械褋褨
gesmeerd	谐谢邪写泻芯, 斜械蟹 锌褉芯斜谢械屑
dreigen	锌芯谐褉芯卸褍胁邪褌懈, 蟹邪谐褉芯卸褍胁邪褌懈
de tentoonstelling	胁懈褋褌邪胁泻邪
de stomerij	褏褨屑褔懈褋褌泻邪
spoelen	锌芯谢芯褋泻邪褌懈, 锌褉芯屑懈胁邪褌懈
de menselijkheid	谢褞写褟薪褨褋褌褜
schandalig	谐邪薪械斜薪懈泄, 芯斜褍褉谢懈胁懈泄
het speeltje	褨谐褉邪褕泻邪
verhongeren	谐芯谢芯写褍胁邪褌懈, 锌芯屑懈褉邪褌懈 蟹 谐芯谢芯写褍
wegnemen	蟹邪斜懈褉邪褌懈, 褍褋褍胁邪褌懈
de opvoeding	胁懈褏芯胁邪薪薪褟
aankunnen	褋锌褉邪胁谢褟褌懈褋褟, 胁懈褌褉懈屑褍胁邪褌懈
