toegankelijk	写芯褋褌褍锌薪懈泄
besluipen	锌褨写泻褉邪写邪褌懈褋褟
zuidwaarts	薪邪 锌褨胁写械薪褜
nakomen	胁懈泻芯薪褍胁邪褌懈, 写芯褌褉懈屑褍胁邪褌懈
de yen	褦薪邪
de oprichter	蟹邪褋薪芯胁薪懈泻
de luidspreker	谐褍褔薪芯屑芯胁械褑褜
chillen	胁褨写锌芯褔懈胁邪褌懈, 褉芯蟹褋谢邪斜谢褟褌懈褋褟
dimmen	锌褉懈谐谢褍褕褍胁邪褌懈 褋胁褨褌谢芯
inbrengen	胁薪芯褋懈褌懈, 写芯写邪胁邪褌懈
popelen	薪械褌械褉锌谢褟褔械 褔械泻邪褌懈
neerbuigend	锌芯斜谢邪卸谢懈胁懈泄, 蟹胁械褉褏薪褨泄
uitvechten	蟹'褟褋褍胁邪褌懈 胁 斜芯褉芯褌褜斜褨
de wasbeer	褦薪芯褌
volstaan	斜褍褌懈 写芯褋褌邪褌薪褨屑
speculeren	褋锌械泻褍谢褞胁邪褌懈, 褉芯斜懈褌懈 锌褉懈锌褍褖械薪薪褟
sec	褋褍褏懈泄, 褋褍褏芯
waarmaken	褋锌褉邪胁写卸褍胁邪褌懈, 写芯胁芯写懈褌懈 写褨谢芯屑
doorhebben	褉芯蟹泻褍褋懈褌懈, 蟹斜邪谐薪褍褌懈
schorsen	锌褉懈蟹褍锌懈薪褟褌懈, 胁褨写褋褌芯褉芯薪褟褌懈
de opwarming	锌芯褌械锌谢褨薪薪褟
tongen	褑褨谢褍胁邪褌懈褋褟 锌芯-褎褉邪薪褑褍蟹褜泻懈
rondneuzen	薪懈褕锌芯褉懈褌懈, 褉芯蟹写懈胁谢褟褌懈褋褟
klaarblijkelijk	芯褔械胁懈写薪懈泄
het deeg	褌褨褋褌芯
ijsberen	屑褨褉褟褌懈 泻褉芯泻邪屑懈 泻褨屑薪邪褌褍
knus	蟹邪褌懈褕薪懈泄
inzitten	褏胁懈谢褞胁邪褌懈褋褟, 锌械褉械泄屑邪褌懈褋褟
onderling	胁蟹邪褦屑薪懈泄, 屑褨卸 褋芯斜芯褞
geuren	锌邪褏薪褍褌懈
misten	褌褍屑邪薪懈褌懈褋褟
de prullenbak	泻芯褕懈泻 写谢褟 褋屑褨褌褌褟
uitbreken	胁懈斜褍褏邪褌懈, 胁懈褉懈胁邪褌懈褋褟
breien	胁'褟蟹邪褌懈
nochtans	锌褉芯褌械, 邪 胁褌褨屑
het noordoosten	锌褨胁薪褨褔薪懈泄 褋褏褨写
verbluffend	锌褉懈谐芯谢芯屑褕谢懈胁懈泄
bevooroordeeld	褍锌械褉械写卸械薪懈泄
uitdrukken	胁懈褋谢芯胁谢褞胁邪褌懈
poseren	锌芯蟹褍胁邪褌懈
ongehoorzaam	薪械褋谢褍褏薪褟薪懈泄
verschaffen	薪邪写邪胁邪褌懈, 蟹邪斜械蟹锌械褔褍胁邪褌懈
voorschrijven	锌褉懈锌懈褋褍胁邪褌懈
gieten	谢懈褌懈
aanschouwen	褋锌芯谐谢褟写邪褌懈
terzijde	褍斜褨泻, 芯褋褌芯褉芯薪褜
heelhuids	褑褨谢懈泄 褨 薪械褍褕泻芯写卸械薪懈泄
de journalistiek	卸褍褉薪邪谢褨褋褌懈泻邪
volstrekt	褑褨谢泻芯胁懈褌懈泄
christelijk	褏褉懈褋褌懈褟薪褋褜泻懈泄
bestelen	芯斜泻褉邪写邪褌懈
onderduiken	褏芯胁邪褌懈褋褟, 褨褌懈 胁 锌褨写锌褨谢谢褟
ongeboren	薪械薪邪褉芯写卸械薪懈泄
happen	泻褍褋邪褌懈, 褏邪锌邪褌懈 褉芯褌芯屑
de smid	泻芯胁邪谢褜
afschudden	褋褌褉褍褕褍胁邪褌懈, 锌芯蟹斜褍胁邪褌懈褋褟
onjuist	薪械锌褉邪胁懈谢褜薪懈泄
kil	褏芯谢芯写薪懈泄, 褔械褉褋褌胁懈泄
de verhoging	锌褨写胁懈褖械薪薪褟
ploegen	芯褉邪褌懈
toepassen	蟹邪褋褌芯褋芯胁褍胁邪褌懈
waakzaam	锌懈谢褜薪懈泄
adembenemend	蟹邪褏芯锌谢懈胁懈泄, 锌褉懈谐芯谢芯屑褕谢懈胁懈泄
terugpakken	蟹邪斜懈褉邪褌懈 薪邪蟹邪写; 锌芯泻胁懈褌邪褌懈褋褟
onwijs	薪械褉芯蟹褍屑薪懈泄; 褋褌褉邪褕械薪薪芯
wegjagen	锌褉芯谐邪薪褟褌懈
afgezaagd	蟹邪褟谢芯卸械薪懈泄, 斜邪薪邪谢褜薪懈泄
bewonderenswaardig	谐褨写薪懈泄 蟹邪褏芯锌谢械薪薪褟
warmen	谐褉褨褌懈
bestormen	褕褌褍褉屑褍胁邪褌懈
doormidden	薪邪胁锌褨谢
bekeren	薪邪胁械褉褌邪褌懈 (褍 胁褨褉褍)
dwarsbomen	锌械褉械褕泻芯写卸邪褌懈, 褋褌邪胁懈褌懈 锌邪谢懈褑褨 胁 泻芯谢械褋邪
stomdronken	锌'褟薪懈泄 褟泻 褔褨锌
opsteken	薪邪胁褔懈褌懈褋褟; 锌褨写褨泄屑邪褌懈
afweten	蟹薪邪褌懈褋褟, 褉芯蟹褍屑褨褌懈褋褟
transformeren	锌械褉械褌胁芯褉褞胁邪褌懈
aankloppen	褋褌褍泻邪褌懈 褍 写胁械褉褨
het zuidwesten	锌褨胁写械薪薪懈泄 蟹邪褏褨写
onvergeeflijk	薪械锌褉芯褖械薪薪懈泄
hijsen	锌褨写薪褨屑邪褌懈, 锌褨写褌褟谐褍胁邪褌懈
de verduistering	蟹邪褌械屑薪械薪薪褟; 褉芯蟹褌褉邪褌邪
hebberig	卸邪写褨斜薪懈泄
de aanblik	胁懈谐谢褟写, 胁懈写芯胁懈褖械
de mom	谢懈褔懈薪邪, 屑邪褋泻邪
de balk	斜邪谢泻邪, 斜褉褍褋
binnendringen	锌褉芯薪懈泻邪褌懈, 胁写懈褉邪褌懈褋褟
uitleveren	胁懈写邪胁邪褌懈 (蟹谢芯褔懈薪褑褟)
hergroeperen	锌械褉械谐褉褍锌芯胁褍胁邪褌懈褋褟
weerloos	斜械蟹蟹邪褏懈褋薪懈泄
toepasselijk	写芯褉械褔薪懈泄, 胁谢褍褔薪懈泄
ophelderen	蟹'褟褋芯胁褍胁邪褌懈, 锌褉芯褟褋薪褞胁邪褌懈
veeleisend	胁懈屑芯谐谢懈胁懈泄
de alligator	邪谢褨谐邪褌芯褉
ethisch	械褌懈褔薪懈泄
de mok	泻褍褏芯谢褜
de aktetas	锌芯褉褌褎械谢褜
evalueren	芯褑褨薪褞胁邪褌懈
vellen	胁邪谢懈褌懈, 蟹褉褍斜褍胁邪褌懈
voortvluchtig	褍 褉芯蟹褕褍泻褍, 蟹斜褨谐谢懈泄
uitsteken	褋褌懈褉褔邪褌懈, 胁懈褉褨蟹薪褟褌懈褋褟
vreemdgaan	蟹褉邪写卸褍胁邪褌懈
strippen	褉芯蟹写褟谐邪褌懈; 蟹薪褨屑邪褌懈 褕邪褉
onvoorwaardelijk	斜械蟹褍屑芯胁薪懈泄
de kachel	锌褨褔, 芯斜褨谐褉褨胁邪褔
gebaren	卸械褋褌懈泻褍谢褞胁邪褌懈
omzetten	锌械褉械褌胁芯褉褞胁邪褌懈, 芯斜械褉褌邪褌懈
zonnig	褋芯薪褟褔薪懈泄
de printer	锌褉懈薪褌械褉
parttime	薪邪 薪械锌芯胁薪褍 褋褌邪胁泻褍
de optocht	褏芯写邪, 锌褉芯褑械褋褨褟
soft	屑'褟泻懈泄
verslinden	锌芯卸懈褉邪褌懈
de huiskamer	胁褨褌邪谢褜薪褟
opzeggen	褉芯蟹褉懈胁邪褌懈 写芯谐芯胁褨褉; 锌褉芯泻邪蟹褍胁邪褌懈 薪邪锌邪屑'褟褌褜
meedelen	锌芯胁褨写芯屑谢褟褌懈
de ijstijd	谢褜芯写芯胁懈泻芯胁懈泄 锌械褉褨芯写
verfijnd	胁懈褕褍泻邪薪懈泄, 胁懈褌芯薪褔械薪懈泄
het journaal	胁懈锌褍褋泻 薪芯胁懈薪
vereffenen	胁懈褉褨胁薪褞胁邪褌懈, 褉芯蟹褉邪褏芯胁褍胁邪褌懈褋褟
aansprakelijk	胁褨写锌芯胁褨写邪谢褜薪懈泄 (褞褉懈写懈褔薪芯)
stopzetten	锌褉懈锌懈薪褟褌懈
neutraliseren	薪械泄褌褉邪谢褨蟹褍胁邪褌懈
de vervuiling	蟹邪斜褉褍写薪械薪薪褟
verstoten	胁褨写褉褨泻邪褌懈褋褟, 胁懈谐邪薪褟褌懈
eigenhandig	胁谢邪褋薪芯褉褍褔
plastisch	锌谢邪褋褌懈褔薪懈泄
de os	胁褨谢
de eik	写褍斜
onlogisch	薪械谢芯谐褨褔薪懈泄
krullen	泻褍褔械褉褟胁懈褌懈褋褟, 蟹邪胁懈胁邪褌懈
levensgevaarlijk	褋屑械褉褌械谢褜薪芯 薪械斜械蟹锌械褔薪懈泄
pijnloos	斜械蟹斜芯谢褨褋薪懈泄
weren	薪械 写芯锌褍褋泻邪褌懈, 褋褌褉懈屑褍胁邪褌懈
de spreker	锌褉芯屑芯胁械褑褜, 写芯锌芯胁褨写邪褔
prikkelbaar	写褉邪褌褨胁谢懈胁懈泄
opwinden	蟹邪胁芯写懈褌懈 (屑械褏邪薪褨蟹屑); 蟹斜褍写卸褍胁邪褌懈
omdoen	薪邪写褟谐邪褌懈, 薪邪泻懈写邪褌懈
de deurbel	写胁械褉薪懈泄 写蟹胁褨薪芯泻
uitbuiten	械泻褋锌谢褍邪褌褍胁邪褌懈
achterhouden	锌褉懈褏芯胁褍胁邪褌懈, 褍褌邪褞胁邪褌懈
de schommel	谐芯泄写邪谢泻邪
accuraat	褌芯褔薪懈泄
uithouden	胁懈褌褉懈屑褍胁邪褌懈
aandachtig	褍胁邪卸薪懈泄
breekbaar	泻褉懈褏泻懈泄
ronduit	胁褨写胁械褉褌芯, 锌褉褟屑芯
legen	褋锌芯褉芯卸薪褟褌懈
de verspreiding	锌芯褕懈褉械薪薪褟
afwassen	屑懈褌懈 锌芯褋褍写
behalen	写芯褋褟谐邪褌懈, 蟹写芯斜褍胁邪褌懈
delicaat	写械谢褨泻邪褌薪懈泄, 褌芯薪泻懈泄
signeren	锌褨写锌懈褋褍胁邪褌懈 (邪胁褌芯谐褉邪褎)
hoopvol	褋锌芯胁薪械薪懈泄 薪邪写褨褩
afbetalen	胁懈锌谢邪褔褍胁邪褌懈, 锌芯谐邪褕邪褌懈
smullen	谢邪褋褍胁邪褌懈, 褋屑邪泻褍胁邪褌懈
twijfelachtig	褋褍屑薪褨胁薪懈泄
de tsaar	褑邪褉
linkshandig	谢褨胁褕邪
het erf	锌芯写胁褨褉'褟
wegrotten	蟹谐薪懈胁邪褌懈
de databank	斜邪蟹邪 写邪薪懈褏
afslachten	褉褨蟹邪褌懈, 胁谢邪褕褌芯胁褍胁邪褌懈 褉褨蟹邪薪懈薪褍
het communisme	泻芯屑褍薪褨蟹屑
het parkeerterrein	邪胁褌芯褋褌芯褟薪泻邪
eveneens	褌邪泻芯卸, 褌邪泻 褋邪屑芯
aangeboren	胁褉芯写卸械薪懈泄
langsgaan	蟹邪褏芯写懈褌懈 胁 谐芯褋褌褨
markeren	锌芯蟹薪邪褔邪褌懈
de kraai	胁芯褉芯薪邪
onnatuurlijk	薪械锌褉懈褉芯写薪懈泄
roeren	屑褨褕邪褌懈, 锌芯屑褨褕褍胁邪褌懈
het sinaasappelsap	邪锌械谢褜褋懈薪芯胁懈泄 褋褨泻
de uitgave	胁懈写邪薪薪褟; 胁懈写邪褌芯泻
uitschrijven	胁懈锌懈褋褍胁邪褌懈; 褋泻邪褋芯胁褍胁邪褌懈 锌褨写锌懈褋泻褍
bezuinigen	械泻芯薪芯屑懈褌懈, 褋泻芯褉芯褔褍胁邪褌懈 胁懈褌褉邪褌懈
het etiket	械褌懈泻械褌泻邪
bazig	胁谢邪写薪懈泄, 泻芯屑邪薪写懈褉褋褜泻懈泄
kwijlen	锌褍褋泻邪褌懈 褋谢懈薪褍
koperen	屑褨写薪懈泄
de heldin	谐械褉芯褩薪褟
basketballen	谐褉邪褌懈 胁 斜邪褋泻械褌斜芯谢
vergoeden	胁褨写褕泻芯写芯胁褍胁邪褌懈
injecteren	胁胁芯写懈褌懈 褨薪'褦泻褑褨褞
achterwege	芯褋褌芯褉芯薪褜, 薪械胁懈泻芯薪邪薪懈泄
overplaatsen	锌械褉械胁芯写懈褌懈 (薪邪 褨薪褕械 屑褨褋褑械)
ontrafelen	褉芯蟹锌谢褍褌褍胁邪褌懈
doorgaans	蟹邪蟹胁懈褔邪泄
verwijzen	胁褨写褋懈谢邪褌懈, 褋泻械褉芯胁褍胁邪褌懈
teder	薪褨卸薪懈泄
uitwissen	褋褌懈褉邪褌懈, 胁懈褌褉邪胁谢褞胁邪褌懈
de catastrofe	泻邪褌邪褋褌褉芯褎邪
de bok	褑邪锌, 泻芯蟹械谢
ongekend	薪械斜邪褔械薪懈泄, 斜械蟹锌褉械褑械写械薪褌薪懈泄
treuren	卸褍褉懈褌懈褋褟, 褌褍卸懈褌懈
indenken	褍褟胁谢褟褌懈 褋芯斜褨
aaien	谐谢邪写懈褌懈, 锌械褋褌懈褌懈
de sinaasappel	邪锌械谢褜褋懈薪
logen	胁懈谢褍谐芯胁褍胁邪褌懈
de octopus	胁芯褋褜屑懈薪褨谐
crashen	褉芯蟹斜懈胁邪褌懈褋褟; 蟹邪胁懈褋邪褌懈 (锌褉芯 锌褉芯谐褉邪屑褍)
dopen	褍屑芯褔邪褌懈; 褏褉械褋褌懈褌懈
herbouwen	胁褨写斜褍写芯胁褍胁邪褌懈
brandschoon	斜械蟹写芯谐邪薪薪芯 褔懈褋褌懈泄
de voortgang	锌芯褋褌褍锌, 锌褉芯褋褍胁邪薪薪褟
snoeren	褕薪褍褉褍胁邪褌懈, 蟹胁'褟蟹褍胁邪褌懈
zelfingenomen	褋邪屑芯胁写芯胁芯谢械薪懈泄
besmetten	蟹邪褉邪卸邪褌懈
sappig	褋芯泻芯胁懈褌懈泄
vergaren	蟹斜懈褉邪褌懈, 薪邪泻芯锌懈褔褍胁邪褌懈
pinnen	锌谢邪褌懈褌懈 泻邪褉褌泻芯褞
naderhand	蟹谐芯写芯屑
ditmaal	褑褜芯谐芯 褉邪蟹褍
inschatten	芯褑褨薪褞胁邪褌懈, 锌褉懈泻懈写邪褌懈
de meloen	写懈薪褟
het merendeel	斜褨谢褜褕褨褋褌褜, 斜褨谢褜褕邪 褔邪褋褌懈薪邪
doodziek	褋屑械褉褌械谢褜薪芯 褏胁芯褉懈泄
gierig	褋泻褍锌懈泄, 卸邪写褨斜薪懈泄
temmen	锌褉懈斜芯褉泻褍胁邪褌懈
het manifest	屑邪薪褨褎械褋褌
kietelen	谢芯褋泻芯褌邪褌懈
reconstrueren	胁褨写褌胁芯褉褞胁邪褌懈, 褉械泻芯薪褋褌褉褍褞胁邪褌懈
dichten	蟹邪泻褉懈胁邪褌懈; 褋泻谢邪写邪褌懈 胁褨褉褕褨
vastmaken	蟹邪泻褉褨锌谢褞胁邪褌懈, 蟹邪褋褌褨斜邪褌懈
het slachthuis	斜褨泄薪褟
onmenselijk	薪械谢褞写褋褜泻懈泄
uploaden	蟹邪胁邪薪褌邪卸褍胁邪褌懈 薪邪 褋械褉胁械褉
het gejuich	胁懈谐褍泻懈 褉邪写芯褋褌褨, 芯胁邪褑褨褩
de afkorting	褋泻芯褉芯褔械薪薪褟
de verovering	蟹邪胁芯褞胁邪薪薪褟
radeloos	褉芯蟹谐褍斜谢械薪懈泄, 褍 褉芯蟹锌邪褔褨
verzwakken	褋谢邪斜褕邪褌懈, 锌芯褋谢邪斜谢褞胁邪褌懈
het kerstcadeau	褉褨蟹写胁褟薪懈泄 锌芯写邪褉褍薪芯泻
herleven	芯卸懈胁邪褌懈, 胁褨写褉芯写卸褍胁邪褌懈褋褟
verrekt	泻谢褟褌懈泄, 写芯 斜褨褋邪
de weegschaal	胁邪谐懈
toespreken	蟹胁械褉褌邪褌懈褋褟 蟹 锌褉芯屑芯胁芯褞
ongezond	薪械蟹写芯褉芯胁懈泄
het noordwesten	锌褨胁薪褨褔薪懈泄 蟹邪褏褨写
uitslapen	胁懈褋懈锌邪褌懈褋褟
thuisblijven	蟹邪谢懈褕邪褌懈褋褟 胁写芯屑邪
psychotisch	锌褋懈褏芯褌懈褔薪懈泄
doorverbinden	蟹'褦写薪褍胁邪褌懈 (锌芯 褌械谢械褎芯薪褍)
de mug	泻芯屑邪褉
toebrengen	蟹邪胁写邪胁邪褌懈
de aanrecht	泻褍褏芯薪薪邪 褋褌褨谢褜薪懈褑褟
bepraten	芯斜谐芯胁芯褉褞胁邪褌懈, 褍屑芯胁谢褟褌懈
vonken	褨褋泻褉懈褌懈
opdoen	薪邪斜褍胁邪褌懈, 蟹写芯斜褍胁邪褌懈
opwachten	褔邪褌褍胁邪褌懈, 褔械泻邪褌懈
berechten	褋褍写懈褌懈
smeden	泻褍胁邪褌懈
opdringerig	薪邪褋褌懈褉谢懈胁懈泄, 薪邪胁'褟蟹谢懈胁懈泄
de tijdbom	斜芯屑斜邪 褋锌芯胁褨谢褜薪械薪芯褩 写褨褩
de wezel	谢邪褋泻邪 (褌胁邪褉懈薪邪)
opstappen	锌褨褌懈, 锌芯写邪褌懈 褍 胁褨写褋褌邪胁泻褍
achterblijven	胁褨写褋褌邪胁邪褌懈, 蟹邪谢懈褕邪褌懈褋褟
de subsidie	褋褍斜褋懈写褨褟
het tegengestelde	锌褉芯褌懈谢械卸薪械
de hoofdprijs	谐芯谢芯胁薪懈泄 锌褉懈蟹
maaien	泻芯褋懈褌懈
incasseren	褨薪泻邪褋褍胁邪褌懈, 芯褌褉懈屑褍胁邪褌懈
de hoofdingang	谐芯谢芯胁薪懈泄 胁褏褨写
bijbrengen	锌褉懈褖械锌谢褞胁邪褌懈, 薪邪胁褔邪褌懈
aanzitten	褋褨写邪褌懈 蟹邪 褋褌褨谢
verschuiven	蟹褋褍胁邪褌懈, 锌械褉械薪芯褋懈褌懈
gehuwd	芯写褉褍卸械薪懈泄
het schooljaar	薪邪胁褔邪谢褜薪懈泄 褉褨泻
legitiem	谢械谐褨褌懈屑薪懈泄
heldhaftig	谐械褉芯褩褔薪懈泄
begaafd	芯斜写邪褉芯胁邪薪懈泄
aldus	芯褌卸械, 褌邪泻懈屑 褔懈薪芯屑
struikelen	褋锌芯褌懈泻邪褌懈褋褟
meevallen	胁懈褟胁懈褌懈褋褟 泻褉邪褖懈屑, 薪褨卸 芯褔褨泻褍胁邪谢懈
spreiden	褉芯蟹褋褌械谢褟褌懈, 褉芯蟹锌芯写褨谢褟褌懈
meehelpen	写芯锌芯屑邪谐邪褌懈
schrobben	胁褨写褕泻褉褟斜褍胁邪褌懈, 写褉邪褩褌懈
topless	褌芯锌谢械褋
het bestek	褋褌芯谢芯胁褨 锌褉懈斜芯褉懈
allicht	屑邪斜褍褌褜, 蟹胁褨褋薪芯
de perzik	锌械褉褋懈泻
de tandenfee	蟹褍斜薪邪 褎械褟
minderen	蟹屑械薪褕褍胁邪褌懈
bekendmaken	芯谐芯谢芯褕褍胁邪褌懈
stoken	褌芯锌懈褌懈, 褉芯蟹锌邪谢褞胁邪褌懈
wonderlijk	写懈胁芯胁懈卸薪懈泄
respectvol	褕邪薪芯斜谢懈胁懈泄
het gezang	褋锌褨胁
schillen	褔懈褋褌懈褌懈 (褕泻褨褉泻褍)
intuberen	褨薪褌褍斜褍胁邪褌懈
de noodtoestand	薪邪写蟹胁懈褔邪泄薪懈泄 褋褌邪薪
schitteren	斜谢懈褖邪褌懈, 褋褟褟褌懈
de gepensioneerde	锌械薪褋褨芯薪械褉
toevertrouwen	写芯胁褨褉褟褌懈
verwittigen	褋锌芯胁褨褖邪褌懈
waarlijk	胁芯褨褋褌懈薪褍
het christendom	褏褉懈褋褌懈褟薪褋褌胁芯
berijden	褩蟹写懈褌懈 胁械褉褏懈
middelbaar	褋械褉械写薪褨泄
wijten	锌褉懈锌懈褋褍胁邪褌懈 锌褉芯胁懈薪褍
neersteken	蟹邪泻芯谢芯褌懈
labiel	薪械褋褌褨泄泻懈泄, 谢邪斜褨谢褜薪懈泄
re毛el	褉械邪谢褜薪懈泄
statistisch	褋褌邪褌懈褋褌懈褔薪懈泄
nalaten	蟹邪谢懈褕邪褌懈 褍 褋锌邪写芯泻; 蟹邪薪械写斜褍胁邪褌懈
de harp	邪褉褎邪
slijten	蟹薪芯褕褍胁邪褌懈褋褟
coachen	褌褉械薪褍胁邪褌懈, 薪邪褋褌邪胁谢褟褌懈
de steiger	锌褉懈褔邪谢; 褉懈褕褌褍胁邪薪薪褟
oververhit	锌械褉械谐褉褨褌懈泄
tuinieren	褋邪写褨胁薪懈泻褍胁邪褌懈
geruststellen	蟹邪褋锌芯泻芯褞胁邪褌懈
verkiesbaar	褌芯泄, 褖芯 屑芯卸械 斜褍褌懈 芯斜褉邪薪懈屑
strelen	锌械褋褌懈褌懈, 谐谢邪写懈褌懈
vurig	锌邪谢泻懈泄, 锌芯谢褍屑'褟薪懈泄
de holocaust	谐芯谢芯泻芯褋褌
wekelijks	褖芯褌懈卸薪械胁懈泄
vervloeken	锌褉芯泻谢懈薪邪褌懈
verkeren	锌械褉械斜褍胁邪褌懈 (褍 褋褌邪薪褨)
vegetarisch	胁械谐械褌邪褉褨邪薪褋褜泻懈泄
samenleven	卸懈褌懈 褉邪蟹芯屑
ongeldig	薪械写褨泄褋薪懈泄
dorstig	褋锌褉邪谐谢懈泄
po毛tisch	锌芯械褌懈褔薪懈泄
de berekening	芯斜褔懈褋谢械薪薪褟, 褉芯蟹褉邪褏褍薪芯泻
verkiezen	胁褨写写邪胁邪褌懈 锌械褉械胁邪谐褍; 芯斜懈褉邪褌懈
preuts	屑邪薪褨褉薪懈泄, 褋胁褟褌械薪薪懈褑褜泻懈泄
figuurlijk	锌械褉械薪芯褋薪懈泄, 褎褨谐褍褉邪谢褜薪懈泄
de kerncentrale	邪褌芯屑薪邪 械谢械泻褌褉芯褋褌邪薪褑褨褟
monitoren	胁褨写褋褌械卸褍胁邪褌懈
bevorderen	褋锌褉懈褟褌懈, 锌褉芯褋褍胁邪褌懈
villen	斜褨谢褍胁邪褌懈, 蟹写懈褉邪褌懈 褕泻褍褉褍
verslapen	锌褉芯褋锌邪褌懈
onbegrijpelijk	薪械蟹斜邪谐薪械薪薪懈泄
overgeleverd	锌械褉械写邪薪懈泄 褍 褋锌邪写芯泻
razendsnel	斜谢懈褋泻邪胁懈褔薪懈泄
afzuigen	胁褨写褋屑芯泻褌褍胁邪褌懈
de abt	邪斜邪褌
roestig	褨褉卸邪胁懈泄
de factuur	褉邪褏褍薪芯泻-褎邪泻褌褍褉邪
dertiende	褌褉懈薪邪写褑褟褌懈泄
cultureel	泻褍谢褜褌褍褉薪懈泄
verifi毛ren	锌械褉械胁褨褉褟褌懈, 胁械褉懈褎褨泻褍胁邪褌懈
aftreden	褨褌懈 褍 胁褨写褋褌邪胁泻褍
smijten	卸斜褍褉谢褟褌懈
aflossen	蟹屑褨薪褞胁邪褌懈 (薪邪 锌芯褋褌褍); 锌芯谐邪褕邪褌懈 斜芯褉谐
symbolisch	褋懈屑胁芯谢褨褔薪懈泄
de prognose	锌褉芯谐薪芯蟹
bijgelovig	蟹邪斜芯斜芯薪薪懈泄
ondenkbaar	薪械屑懈褋谢懈屑懈泄
plaatselijk	屑褨褋褑械胁懈泄
permitteren	写芯蟹胁芯谢褟褌懈
verhit	褉芯蟹锌邪褕褨谢懈泄, 褉芯蟹锌邪谢械薪懈泄
gevreesd	褋褌褉邪褕薪懈泄, 褟泻芯谐芯 斜芯褟褌褜褋褟
uitladen	褉芯蟹胁邪薪褌邪卸褍胁邪褌懈
de natuurkundige	褎褨蟹懈泻
normaliter	蟹邪蟹胁懈褔邪泄
afgrijselijk	卸邪褏谢懈胁懈泄, 芯谐懈写薪懈泄
tam	褋胁褨泄褋褜泻懈泄, 锌褉懈褉褍褔械薪懈泄
inchecken	褉械褦褋褌褉褍胁邪褌懈褋褟 (薪邪 褉械泄褋)
kunstmatig	褕褌褍褔薪懈泄
ontleden	褉芯蟹斜懈褉邪褌懈, 邪薪邪谢褨蟹褍胁邪褌懈
aantreffen	薪邪褌褉邪锌谢褟褌懈, 蟹邪褋褌邪胁邪褌懈
immoreel	邪屑芯褉邪谢褜薪懈泄
klinisch	泻谢褨薪褨褔薪懈泄
onvruchtbaar	斜械蟹锌谢褨写薪懈泄
openhartig	胁褨写胁械褉褌懈泄, 褖懈褉芯褋械褉写懈泄
royaal	褖械写褉懈泄
belemmeren	锌械褉械褕泻芯写卸邪褌懈
schrapen	褕泻褉械斜褌懈
de bedelaar	卸械斜褉邪泻
rolschaatsen	泻邪褌邪褌懈褋褟 薪邪 褉芯谢懈泻邪褏
de achterbak	斜邪谐邪卸薪懈泻
aanvechten	芯褋泻邪褉卸褍胁邪褌懈
ordinair	胁褍谢褜谐邪褉薪懈泄, 锌褉芯褋褌邪褑褜泻懈泄
berucht	褋褍屑薪芯蟹胁褨褋薪懈泄
genadeloos	薪械褖邪写薪懈泄
doorzichtig	锌褉芯蟹芯褉懈泄
de geboorteplaats	屑褨褋褑械 薪邪褉芯写卸械薪薪褟
verwerpen	胁褨写泻懈写邪褌懈, 胁褨写褏懈谢褟褌懈
onverschrokken	斜械蟹褋褌褉邪褕薪懈泄
het dienblad	褌邪褑褟
anderzijds	蟹 褨薪褕芯谐芯 斜芯泻褍
werkzaam	褔懈薪薪懈泄, 锌褉邪褑械蟹写邪褌薪懈泄
de diplomatie	写懈锌谢芯屑邪褌褨褟
opgetogen	蟹邪褏芯锌谢械薪懈泄, 褍 蟹邪褏胁邪褌褨
vernieuwen	芯薪芯胁谢褞胁邪褌懈
de tram	褌褉邪屑胁邪泄
de peer	谐褉褍褕邪
interpreteren	褌谢褍屑邪褔懈褌懈
flitsen	褋锌邪谢邪褏褍胁邪褌懈
mixen	蟹屑褨褕褍胁邪褌懈
sleuren	褌褟谐褌懈, 胁芯谢芯褔懈褌懈
de folder	斜褍泻谢械褌, 谢懈褋褌褨胁泻邪
de deelname	褍褔邪褋褌褜
artistiek	屑懈褋褌械褑褜泻懈泄
betonnen	斜械褌芯薪薪懈泄
voorbijgaan	屑懈薪邪褌懈
vitaal	卸懈褌褌褦胁芯 胁邪卸谢懈胁懈泄, 斜邪写褜芯褉懈泄
het reservoir	褉械蟹械褉胁褍邪褉
het certificaat	褋械褉褌懈褎褨泻邪褌
gretig	芯褏芯褔懈泄, 卸邪写褨斜薪懈泄
mak	谢邪谐褨写薪懈泄, 褉褍褔薪懈泄
massaal	屑邪褋芯胁懈泄
de mango	屑邪薪谐芯
commercieel	泻芯屑械褉褑褨泄薪懈泄
co枚rdineren	泻芯芯褉写懈薪褍胁邪褌懈
detecteren	胁懈褟胁谢褟褌懈
elfde	芯写懈薪邪写褑褟褌懈泄
de lezer	褔懈褌邪褔
oostwaarts	薪邪 褋褏褨写
kleppen	褌芯褉芯褏褌褨褌懈, 谢褟褋泻邪褌懈
verachtelijk	蟹薪械胁邪卸谢懈胁懈泄, 薪懈褑懈泄
aankopen	泻褍锌褍胁邪褌懈, 蟹邪泻褍锌芯胁褍胁邪褌懈
onaangekondigd	薪械芯谐芯谢芯褕械薪懈泄
inrichten	芯斜谢邪褕褌芯胁褍胁邪褌懈
ondiep	屑褨谢泻懈泄
de lawine	谢邪胁懈薪邪
roosteren	褋屑邪卸懈褌懈, 锌褨写褋屑邪卸褍胁邪褌懈
muzikaal	屑褍蟹懈褔薪懈泄
vulgair	胁褍谢褜谐邪褉薪懈泄
experimenteel	械泻褋锌械褉懈屑械薪褌邪谢褜薪懈泄
landelijk	蟹邪谐邪谢褜薪芯薪邪褑褨芯薪邪谢褜薪懈泄; 褋褨谢褜褋褜泻懈泄
grillen	褋屑邪卸懈褌懈 薪邪 谐褉懈谢褨
de populariteit	锌芯锌褍谢褟褉薪褨褋褌褜
ontsteken	蟹邪锌邪谢褞胁邪褌懈; 蟹邪泄屑邪褌懈褋褟
de bewering	褌胁械褉写卸械薪薪褟
onvoorzichtig	薪械芯斜械褉械卸薪懈泄
onthoofden	芯斜械蟹谐芯谢芯胁谢褞胁邪褌懈
uitdagend	蟹褍褏胁邪谢懈泄, 胁懈泻谢懈褔薪懈泄
kicken	泻邪泄褎褍胁邪褌懈
het sterrenbeeld	褋褍蟹褨褉'褟
programmeren	锌褉芯谐褉邪屑褍胁邪褌懈
de eregast	锌芯褔械褋薪懈泄 谐褨褋褌褜
zorgzaam	褌褍褉斜芯褌谢懈胁懈泄
chaotisch	褏邪芯褌懈褔薪懈泄
knikken	泻懈胁邪褌懈
stuiten	蟹褍锌懈薪褟褌懈, 薪邪褌褉邪锌谢褟褌懈
het atoom	邪褌芯屑
de fundering	褎褍薪写邪屑械薪褌
uitgebracht	胁懈锌褍褖械薪懈泄
doorsturen	锌械褉械褋懈谢邪褌懈
aangeschoten	薪邪锌褨写锌懈褌泻褍
scharen	褕懈泻褍胁邪褌懈, 蟹谐褍褉褌芯胁褍胁邪褌懈
de navelstreng	锌褍锌芯胁懈薪邪
gezind	薪邪谢邪褕褌芯胁邪薪懈泄, 褋褏懈谢褜薪懈泄
de kelner	芯褎褨褑褨邪薪褌
de peiling	胁懈屑褨褉, 芯锌懈褌褍胁邪薪薪褟
onverschillig	斜邪泄写褍卸懈泄
settelen	芯褋褨写邪褌懈, 胁谢邪褕褌芯胁褍胁邪褌懈褋褟
stampen	褌褍锌芯褌褨褌懈, 褌芯胁泻褌懈
de cinema	泻褨薪芯褌械邪褌褉
vluchtig	锌芯斜褨卸薪懈泄, 谢械褌褞褔懈泄
springlevend	卸懈胁懈泄-蟹写芯褉芯胁懈泄
kibbelen	褋锌械褉械褔邪褌懈褋褟, 谐褉懈蟹褌懈褋褟
onethisch	薪械械褌懈褔薪懈泄
inslapen	蟹邪褋懈薪邪褌懈
vriezen	屑芯褉芯蟹懈褌懈
het spits	胁褨褋褌褉褟, 褕锌懈谢褜
beteren	锌芯谢褨锌褕褍胁邪褌懈褋褟
onregelmatig	薪械褉械谐褍谢褟褉薪懈泄, 薪械锌褉邪胁懈谢褜薪懈泄
steil	泻褉褍褌懈泄
overschrijden	锌械褉械胁懈褖褍胁邪褌懈, 锌械褉械褋褌褍锌邪褌懈
de achterstand	胁褨写褋褌邪胁邪薪薪褟
het klaslokaal	泻谢邪褋薪邪 泻褨屑薪邪褌邪
ontbinden	褉芯蟹泻谢邪写邪褌懈; 褉芯蟹锌褍褋泻邪褌懈
doodbloeden	褋褌褨泻邪褌懈 泻褉芯胁'褞
oprukken	薪邪褋褌褍锌邪褌懈, 锌褉芯褋褍胁邪褌懈褋褟
de excursie	械泻褋泻褍褉褋褨褟
verwezenlijken	褍褌褨谢褞胁邪褌懈, 蟹写褨泄褋薪褞胁邪褌懈
leegmaken	褋锌芯褉芯卸薪褟褌懈
gespierd	屑'褟蟹懈褋褌懈泄
de pianist	锌褨邪薪褨褋褌
stapelen	褋泻谢邪写邪褌懈 胁 褋褌芯褋
het ecosysteem	械泻芯褋懈褋褌械屑邪
ergeren	写褉邪褌褍胁邪褌懈
lonen	斜褍褌懈 胁懈谐褨写薪懈屑, 芯泻褍锌邪褌懈褋褟
de postzegel	锌芯褕褌芯胁邪 屑邪褉泻邪
overhaasten	泻胁邪锌懈褌懈褋褟
gepaard	锌邪褉薪懈泄, 褍 锌邪褉褨
het kapitalisme	泻邪锌褨褌邪谢褨蟹屑
de kraam	褟褌泻邪, 泻褨芯褋泻
niezen	褔褏邪褌懈
excentriek	械泻褋褑械薪褌褉懈褔薪懈泄
aanvaardbaar	锌褉懈泄薪褟褌薪懈泄
imiteren	褨屑褨褌褍胁邪褌懈
faxen	薪邪写褋懈谢邪褌懈 褎邪泻褋
de kers	胁懈褕薪褟
ouderlijk	斜邪褌褜泻褨胁褋褜泻懈泄
mechanisch	屑械褏邪薪褨褔薪懈泄
de verdeling	褉芯蟹锌芯写褨谢
de gletsjer	谢褜芯写芯胁懈泻
onherkenbaar	薪械胁锌褨蟹薪邪薪薪懈泄
het toppunt	胁械褉褕懈薪邪, 胁械褉褏
blozen	褔械褉胁芯薪褨褌懈
uitvallen	胁懈锌邪写邪褌懈; 胁懈褏芯写懈褌懈 蟹 谢邪写褍
rusteloos	薪械褋锌芯泻褨泄薪懈泄
bezien	褉芯蟹谐谢褟写邪褌懈
overdenken	芯斜屑褨褉泻芯胁褍胁邪褌懈
domineren	写芯屑褨薪褍胁邪褌懈
spuugzat	褋懈褌懈泄 锌芯 谐芯褉谢芯
informeel	薪械褎芯褉屑邪谢褜薪懈泄
de keeper	胁芯褉芯褌邪褉
afhangen	蟹邪谢械卸邪褌懈
afvegen	胁懈褌懈褉邪褌懈
schuren	褌械褉褌懈, 褕褍褉褍胁邪褌懈
schaamteloos	斜械蟹褋芯褉芯屑薪懈泄
traumatisch	褌褉邪胁屑邪褌懈褔薪懈泄
de gevoeligheid	褔褍褌谢懈胁褨褋褌褜
fanatiek	褎邪薪邪褌懈褔薪懈泄
oprichten	蟹邪褋薪芯胁褍胁邪褌懈; 蟹胁芯写懈褌懈
ranzig	蟹谐褨褉泻谢懈泄, 斜褉懈写泻懈泄
het zeewater	屑芯褉褋褜泻邪 胁芯写邪
de wasserij	锌褉邪谢褜薪褟
pasgeboren	薪芯胁芯薪邪褉芯写卸械薪懈泄
tegenwerken	锌褉芯褌懈写褨褟褌懈
blootstellen	锌褨写写邪胁邪褌懈 胁锌谢懈胁褍
bronzen	斜褉芯薪蟹芯胁懈泄
non-stop	斜械蟹锌械褉械褉胁薪懈泄
verschoven	蟹褋褍薪褍褌懈泄
krom	泻褉懈胁懈泄, 蟹褨谐薪褍褌懈泄
vastzetten	蟹邪泻褉褨锌谢褞胁邪褌懈; 褍胁'褟蟹薪褞胁邪褌懈
de rups	谐褍褋械薪懈褑褟
ontgaan	胁懈褋谢懈蟹邪褌懈, 谢懈褕邪褌懈褋褟 薪械锌芯屑褨褔械薪懈屑
economisch	械泻芯薪芯屑褨褔薪懈泄
irrationeel	褨褉褉邪褑褨芯薪邪谢褜薪懈泄
verkleinen	蟹屑械薪褕褍胁邪褌懈
de dop	褕泻邪褉邪谢褍锌邪; 泻芯胁锌邪褔芯泻
werkeloos	斜械蟹写褨褟谢褜薪懈泄, 斜械蟹褉芯斜褨褌薪懈泄
bekaf	谐械褌褜 蟹薪械褋懈谢械薪懈泄
overblijven	蟹邪谢懈褕邪褌懈褋褟
sterfelijk	褋屑械褉褌薪懈泄
onwel	蟹谢械, 薪械写芯斜褉械 (锌褉芯 褋邪屑芯锌芯褔褍褌褌褟)
de voortuin	锌邪谢褨褋邪写薪懈泻
hoofdzakelijk	谐芯谢芯胁薪懈屑 褔懈薪芯屑
bezatten	薪邪锌懈胁邪褌懈褋褟
schandelijk	谐邪薪械斜薪懈泄
opblijven	薪械 谢褟谐邪褌懈 褋锌邪褌懈
presteren	写芯褋褟谐邪褌懈, 锌芯泻邪蟹褍胁邪褌懈 褉械蟹褍谢褜褌邪褌
vouwen	褋泻谢邪写邪褌懈, 蟹谐芯褉褌邪褌懈
absorberen	锌芯谐谢懈薪邪褌懈
bijvullen	写芯谢懈胁邪褌懈, 锌芯锌芯胁薪褞胁邪褌懈
vereren	褕邪薪褍胁邪褌懈, 锌芯泻谢芯薪褟褌懈褋褟
onafscheidelijk	薪械褉芯蟹谢褍褔薪懈泄
het geschil	褋褍锌械褉械褔泻邪, 褋锌褨褉
behekst	蟹邪褔邪褉芯胁邪薪懈泄
productief	锌褉芯写褍泻褌懈胁薪懈泄
opvliegend	蟹邪锌邪谢褜薪懈泄, 胁懈斜褍褏芯胁懈泄
zowaar	褋锌褉邪胁写褨, 邪卸
weerleggen	褋锌褉芯褋褌芯胁褍胁邪褌懈
het dansfeest	褌邪薪褑褞胁邪谢褜薪邪 胁械褔褨褉泻邪
de trommel	斜邪褉邪斜邪薪
belasten	芯斜褌褟卸褍胁邪褌懈, 芯锌芯写邪褌泻芯胁褍胁邪褌懈
wegwerken	褍褋褍胁邪褌懈, 谢褨泻胁褨写芯胁褍胁邪褌懈
hoogstwaarschijnlijk	薪邪泄褨屑芯胁褨褉薪褨褕械
democratisch	写械屑芯泻褉邪褌懈褔薪懈泄
barbaars	胁邪褉胁邪褉褋褜泻懈泄
uitademen	胁懈写懈褏邪褌懈
braden	褋屑邪卸懈褌懈, 蟹邪锌褨泻邪褌懈
bekritiseren	泻褉懈褌懈泻褍胁邪褌懈
geblinddoekt	褨蟹 蟹邪胁'褟蟹邪薪懈屑懈 芯褔懈屑邪
vermenigvuldigen	屑薪芯卸懈褌懈
het slijk	斜邪谐芯胁懈薪薪褟, 谐褉褟蟹褞泻邪
melken	写芯褩褌懈
de bescheidenheid	褋泻褉芯屑薪褨褋褌褜
louche	锌褨写芯蟹褉褨谢懈泄, 褌械屑薪懈泄
relaxed	褉芯蟹褋谢邪斜谢械薪懈泄
pruimen	卸褍胁邪褌懈 褌褞褌褞薪
bekomen	芯谐芯胁褌褍胁邪褌懈褋褟
vervangbaar	蟹邪屑褨薪薪懈泄
instinctief	褨薪褋褌懈薪泻褌懈胁薪懈泄
afgezonderd	胁褨写芯泻褉械屑谢械薪懈泄, 褍褋邪屑褨褌薪械薪懈泄
sip	蟹邪褋屑褍褔械薪懈泄, 锌芯褏薪褞锌谢械薪懈泄
transporteren	褌褉邪薪褋锌芯褉褌褍胁邪褌懈
treuzelen	斜邪褉懈褌懈褋褟, 写谢褟褌懈褋褟
verkondigen	锌褉芯谐芯谢芯褕褍胁邪褌懈
jammeren	谢械屑械薪褌褍胁邪褌懈, 褋泻懈谐谢懈褌懈
de oerknal	胁械谢懈泻懈泄 胁懈斜褍褏
gewoontjes	蟹胁懈褔邪泄薪械薪褜泻芯
het kurk	泻芯褉芯泻
getogen	胁懈褏芯胁邪薪懈泄, 蟹褉芯褖械薪懈泄
neerslaan	蟹斜懈胁邪褌懈 蟹 薪褨谐; 芯褋褨写邪褌懈
onbewoond	斜械蟹谢褞写薪懈泄, 薪械薪邪褋械谢械薪懈泄
de leerkracht	锌械写邪谐芯谐, 褍褔懈褌械谢褜
incompetent	薪械泻芯屑锌械褌械薪褌薪懈泄
klemmen	蟹邪褌懈褋泻邪褌懈
de dweil	谐邪薪褔褨褉泻邪 写谢褟 锌褨写谢芯谐懈
blindelings	薪邪芯褋谢褨锌
opdragen	写芯褉褍褔邪褌懈, 锌褉懈褋胁褟褔褍胁邪褌懈
onbeperkt	薪械芯斜屑械卸械薪懈泄
verstrekken	薪邪写邪胁邪褌懈, 锌芯褋褌邪褔邪褌懈
daarzo	芯褌邪屑
terugwinnen	胁褨写胁芯泄芯胁褍胁邪褌懈, 锌芯胁械褉褌邪褌懈
steriel	褋褌械褉懈谢褜薪懈泄
gedijen	锌褉芯褑胁褨褌邪褌懈, 褉芯蟹胁懈胁邪褌懈褋褟
verslavend	褌芯泄, 褖芯 胁懈泻谢懈泻邪褦 蟹邪谢械卸薪褨褋褌褜
bespringen	薪邪泻懈写邪褌懈褋褟, 褋褌褉懈斜邪褌懈 薪邪
weiden	锌邪褋褌懈
voortplanten	褉芯蟹屑薪芯卸褍胁邪褌懈褋褟
bundelen	芯斜'褦写薪褍胁邪褌懈, 蟹斜懈褉邪褌懈 写芯泻褍锌懈
fier	谐芯褉写懈泄
de archeoloog	邪褉褏械芯谢芯谐
de radiator	褉邪写褨邪褌芯褉
mailen	锌懈褋邪褌懈 械谢械泻褌褉芯薪薪芯谐芯 谢懈褋褌邪
openstaan	斜褍褌懈 胁褨写泻褉懈褌懈屑
fantaseren	褎邪薪褌邪蟹褍胁邪褌懈
gevorderd	锌褉芯褋褍薪褍褌懈泄, 锌芯谐谢懈斜谢械薪懈泄
luchtig	谢械谐泻懈泄, 锌芯胁褨褌褉褟薪懈泄
komisch	泻芯屑褨褔薪懈泄
overzien	芯谐谢褟写邪褌懈, 芯褏芯锌谢褞胁邪褌懈 锌芯谐谢褟写芯屑
defensief	芯斜芯褉芯薪薪懈泄
erfelijk	褋锌邪写泻芯胁懈泄
horizontaal	谐芯褉懈蟹芯薪褌邪谢褜薪懈泄
het kruid	褌褉邪胁邪, 蟹褨谢谢褟
intrappen	胁懈斜懈胁邪褌懈 薪芯谐芯褞
de steward	褋褌褞邪褉写
verheugen	褌褨褕懈褌懈, 褉邪写褍胁邪褌懈
tasten	薪邪屑邪褑褍胁邪褌懈
navragen	褉芯蟹锌懈褌褍胁邪褌懈, 写芯胁褨写褍胁邪褌懈褋褟
ongewenst	薪械斜邪卸邪薪懈泄
ontzeggen	胁褨写屑芯胁谢褟褌懈, 锌芯蟹斜邪胁谢褟褌懈
verwarmen	薪邪谐褉褨胁邪褌懈
grillig	锌褉懈屑褏谢懈胁懈泄, 胁懈斜邪谐谢懈胁懈泄
bedonderd	薪械 锌褉懈 褋胁芯褦屑褍 褉芯蟹褍屑褨
aanvoeren	锌芯褋褌邪褔邪褌懈; 芯褔芯谢褞胁邪褌懈
doorboren	锌褉芯褋褌褉芯屑谢褞胁邪褌懈
provoceren	锌褉芯胁芯泻褍胁邪褌懈
driekwart	褌褉懈 褔胁械褉褌褨
escorteren	褋褍锌褉芯胁芯写卸褍胁邪褌懈, 械褋泻芯褉褌褍胁邪褌懈
het toetsenbord	泻谢邪胁褨邪褌褍褉邪
zestiende	褕褨褋褌薪邪写褑褟褌懈泄
onbezonnen	薪械芯斜邪褔薪懈泄, 薪械褉芯蟹胁邪卸谢懈胁懈泄
beige	斜械卸械胁懈泄
sussen	蟹邪褋锌芯泻芯褞胁邪褌懈, 褍褌懈褏芯屑懈褉褞胁邪褌懈
nauwgezet	褋褍屑谢褨薪薪懈泄, 褋泻褉褍锌褍谢褜芯蟹薪懈泄
motiveren	芯斜覒褉褍薪褌芯胁褍胁邪褌懈, 屑芯褌懈胁褍胁邪褌懈
strooien	锌芯褋懈锌邪褌懈, 褉芯蟹褋懈锌邪褌懈
ondervinden	蟹邪蟹薪邪胁邪褌懈, 胁褨写褔褍胁邪褌懈 薪邪 褋芯斜褨
de spelling	锌褉邪胁芯锌懈褋
het treinstation	蟹邪谢褨蟹薪懈褔薪懈泄 胁芯泻蟹邪谢
genereren	谐械薪械褉褍胁邪褌懈
de begroting	斜褞写卸械褌, 泻芯褕褌芯褉懈褋
omsingelen	芯褌芯褔褍胁邪褌懈
de elektricien	械谢械泻褌褉懈泻
hinderen	蟹邪胁邪卸邪褌懈, 锌械褉械褕泻芯写卸邪褌懈
bekvechten	褋锌械褉械褔邪褌懈褋褟, 谐褉懈蟹褌懈褋褟
grandioos	谐褉邪薪写褨芯蟹薪懈泄
rechtuit	锌褉褟屑芯, 胁褨写胁械褉褌芯
de schots	泻褉懈卸懈薪邪
rechtschapen	锌褉邪胁械写薪懈泄, 写芯斜褉芯褔械褋薪懈泄
chill	褋锌芯泻褨泄薪懈泄, 褉芯蟹褋谢邪斜谢械薪懈泄
gebaard	斜芯褉芯写邪褌懈泄
het doelpunt	谐芯谢
onpartijdig	薪械褍锌械褉械写卸械薪懈泄
reusachtig	胁械谢械褌械薪褋褜泻懈泄
smoorverliefd	褕邪谢械薪芯 蟹邪泻芯褏邪薪懈泄
misdadig	蟹谢芯褔懈薪薪懈泄
standhouden	胁懈褋褌芯褟褌懈, 褌褉懈屑邪褌懈褋褟
uitlokken	锌褉芯胁芯泻褍胁邪褌懈, 褋锌褉懈褔懈薪褟褌懈
printen	写褉褍泻褍胁邪褌懈
diplomatiek	写懈锌谢芯屑邪褌懈褔薪懈泄
de bloedsomloop	泻褉芯胁芯芯斜褨谐
doorvertellen	锌械褉械泻邪蟹褍胁邪褌懈 写邪谢褨
vermakelijk	泻褍屑械写薪懈泄, 褉芯蟹胁邪卸邪谢褜薪懈泄
ongehoord	薪械褔褍胁邪薪懈泄
aanrijden	蟹斜懈胁邪褌懈 (邪胁褌芯屑芯斜褨谢械屑)
evolueren	械胁芯谢褞褑褨芯薪褍胁邪褌懈
weliswaar	褖芯锌褉邪胁写邪
stroomopwaarts	锌褉芯褌懈 褌械褔褨褩
de piste	褌褉邪褋邪, 邪褉械薪邪
overmeesteren	写芯谢邪褌懈, 斜褉邪褌懈 谐芯褉褍
het zuidoosten	锌褨胁写械薪薪懈泄 褋褏褨写
verzieken	芯褌褉褍褞胁邪褌懈, 锌褋褍胁邪褌懈
grootbrengen	胁懈褏芯胁褍胁邪褌懈, 褉芯褋褌懈褌懈
toenemen	蟹褉芯褋褌邪褌懈, 蟹斜褨谢褜褕褍胁邪褌懈褋褟
alleenstaand	褋邪屑芯褌薪褨泄, 薪械芯写褉褍卸械薪懈泄
alleszins	褑褨谢泻芯屑, 褍 胁褋褟泻芯屑褍 褉邪蟹褨
sorteren	褋芯褉褌褍胁邪褌懈
het weerbericht	锌褉芯谐薪芯蟹 锌芯谐芯写懈
spijten	斜褍褌懈 锌褉懈泻褉芯, 褕泻芯写褍胁邪褌懈
smakeloos	薪械褋屑邪褔薪懈泄; 薪械褋屑邪泻芯胁懈褌懈泄
afzonderlijk	芯泻褉械屑懈泄
chirurgisch	褏褨褉褍褉谐褨褔薪懈泄
misdragen	锌芯谐邪薪芯 锌芯胁芯写懈褌懈褋褟
zodoende	芯褌芯卸, 褍 褌邪泻懈泄 褋锌芯褋褨斜
afgekeurd	蟹邪斜褉邪泻芯胁邪薪懈泄, 胁褨写褏懈谢械薪懈泄
bespottelijk	褋屑褨褕薪懈泄, 斜械蟹谐谢褍蟹写懈泄
harig	胁芯谢芯褏邪褌懈泄
navigeren	薪邪胁褨谐褍胁邪褌懈, 芯褉褨褦薪褌褍胁邪褌懈褋褟
waaien	胁褨褟褌懈, 写褍褌懈
de optimist	芯锌褌懈屑褨褋褌
kerngezond	褑褨谢泻芯屑 蟹写芯褉芯胁懈泄
wettig	蟹邪泻芯薪薪懈泄
het interieur	褨薪褌械褉'褦褉
het volkslied	薪邪褑褨芯薪邪谢褜薪懈泄 谐褨屑薪
kakken	胁懈锌芯褉芯卸薪褞胁邪褌懈褋褟
bewapenen	芯蟹斜褉芯褞胁邪褌懈
de hik	谐懈泻邪胁泻邪
overmaken	锌械褉械泻邪蟹褍胁邪褌懈 (谐褉芯褕褨)
gelijktijdig	芯写薪芯褔邪褋薪懈泄
onaantastbaar	薪械写芯褌芯褉泻邪薪薪懈泄
bewoond	薪邪褋械谢械薪懈泄, 蟹邪褋械谢械薪懈泄
betasten	芯斜屑邪褑褍胁邪褌懈
opengaan	胁褨写褔懈薪褟褌懈褋褟
onbekwaam	薪械蟹写邪褌薪懈泄, 薪械泻芯屑锌械褌械薪褌薪懈泄
de kruik	谐谢械泻
verhandelen	褌芯褉谐褍胁邪褌懈, 蟹斜褍胁邪褌懈
depri	褍 写械锌褉械褋褨褩
piepklein	屑邪薪褞褋褨薪褜泻懈泄
gedroogd	褋褍褕械薪懈泄
berouwen	泻邪褟褌懈褋褟, 褕泻芯写褍胁邪褌懈
onderhand	锌芯褋褌褍锌芯胁芯, 褌懈屑 褔邪褋芯屑
olympisch	芯谢褨屑锌褨泄褋褜泻懈泄
herdenken	胁褕邪薪芯胁褍胁邪褌懈 锌邪屑'褟褌褜
waargebeurd	蟹邪褋薪芯胁邪薪懈泄 薪邪 褉械邪谢褜薪懈褏 锌芯写褨褟褏
het wasgoed	斜褨谢懈蟹薪邪 写谢褟 锌褉邪薪薪褟
heimelijk	锌芯褌邪泄薪懈泄
winstgevend	锌褉懈斜褍褌泻芯胁懈泄
tappen	薪邪谢懈胁邪褌懈 蟹 泻褉邪薪邪
spraakzaam	斜邪谢邪泻褍褔懈泄
het evenbeeld	褌芯褔薪邪 锌芯写芯斜邪
beschieten	芯斜褋褌褉褨谢褞胁邪褌懈
verkrijgbaar	写芯褋褌褍锌薪懈泄, 薪邪褟胁薪懈泄 褍 锌褉芯写邪卸褍
zelfgemaakt	褋邪屑芯褉芯斜薪懈泄
onverstandig	薪械褉芯蟹胁邪卸谢懈胁懈泄
valsspelen	褕邪褏褉邪褞胁邪褌懈 褍 谐褉褨
buitensporig	薪邪写屑褨褉薪懈泄
najagen	谐薪邪褌懈褋褟, 写芯屑邪谐邪褌懈褋褟
de muil	锌邪褖邪, 屑芯褉写邪
hoogachtend	蟹 锌芯胁邪谐芯褞
de vaatwasser	锌芯褋褍写芯屑懈泄薪邪 屑邪褕懈薪邪
su茂cidaal	褋褍褩褑懈写邪谢褜薪懈泄
dreigend	蟹邪谐褉芯蟹谢懈胁懈泄
de oudheid	写邪胁薪懈薪邪, 邪薪褌懈褔薪褨褋褌褜
de placenta	锌谢邪褑械薪褌邪
schriftelijk	锌懈褋褜屑芯胁懈泄
kapen	蟹邪褏芯锌谢褞胁邪褌懈, 胁懈泻褉邪写邪褌懈
anaal	邪薪邪谢褜薪懈泄
amputeren	邪屑锌褍褌褍胁邪褌懈
deftig	褋褌邪褌械褔薪懈泄, 锌芯胁邪卸薪懈泄
westwaarts	薪邪 蟹邪褏褨写
de geldautomaat	斜邪薪泻芯屑邪褌
beroepen	锌芯泻谢懈泻邪褌懈褋褟, 邪锌械谢褞胁邪褌懈
ontdooien	褉芯蟹屑芯褉芯卸褍胁邪褌懈
sneuvelen	蟹邪谐懈薪褍褌懈 胁 斜芯褞
openbaren	胁褨写泻褉懈胁邪褌懈, 褟胁谢褟褌懈
platbranden	褋锌邪谢褞胁邪褌懈 写芯褌谢邪
verdraaien	锌械褉械泻褉褍褔褍胁邪褌懈, 胁懈泻褉懈胁谢褟褌懈
optimaal	芯锌褌懈屑邪谢褜薪懈泄
de evenaar	械泻胁邪褌芯褉
afremmen	锌褉懈谐邪谢褜屑芯胁褍胁邪褌懈
bijwerken	芯薪芯胁谢褞胁邪褌懈, 写芯芯锌褉邪褑褜芯胁褍胁邪褌懈
broeden	胁懈褋懈写卸褍胁邪褌懈
loodsen	锌褉芯胁芯写懈褌懈, 谢芯褑屑邪薪褍胁邪褌懈
openbreken	蟹谢邪屑褍胁邪褌懈, 褉芯蟹泻褉懈胁邪褌懈
regisseren	褉械卸懈褋褍胁邪褌懈
achterbaks	锌褨写褋褌褍锌薪懈泄, 锌芯褌邪泄薪懈泄
de vasten	锌褨褋褌
verdiepen	锌芯谐谢懈斜谢褞胁邪褌懈
de weide	锌邪褋芯胁懈褖械, 谢褍泻邪
dampen	锌邪褉褍胁邪褌懈, 写懈屑褨褌懈
vergrijpen	蟹邪蟹褨褏邪褌懈, 褔懈薪懈褌懈 薪邪锌邪写
bergafwaarts	锌褨写 谐芯褉褍 胁薪懈蟹
de kiosk	泻褨芯褋泻
verprutsen	蟹褨锌褋褍胁邪褌懈, 蟹屑邪褉薪褍胁邪褌懈
swingen	褌邪薪褑褞胁邪褌懈 褋胁褨薪谐
obsessief	薪邪胁'褟蟹谢懈胁懈泄
overstappen	锌械褉械褋褨写邪褌懈, 锌械褉械褏芯写懈褌懈
vergen	胁懈屑邪谐邪褌懈
mislopen	锌褉芯覒邪胁懈褌懈, 褉芯蟹屑懈薪褍褌懈褋褟
het voorgerecht	蟹邪泻褍褋泻邪
de valuta	胁邪谢褞褌邪
belabberd	泻械锌褋褜泻懈泄, 锌邪褋泻褍写薪懈泄
almachtig	胁褋械屑芯谐褍褌薪褨泄
e-mailen	薪邪写褋懈谢邪褌懈 械谢械泻褌褉芯薪薪芯谐芯 谢懈褋褌邪
de boekwinkel	泻薪懈谐邪褉薪褟
kartonnen	泻邪褉褌芯薪薪懈泄
hervatten	胁褨写薪芯胁谢褞胁邪褌懈, 锌褉芯写芯胁卸褍胁邪褌懈
zwaargewond	褌褟卸泻芯 锌芯褉邪薪械薪懈泄
het bamboe	斜邪屑斜褍泻
zeeziek	褌芯泄, 褖芯 褋褌褉邪卸写邪褦 屑芯褉褋褜泻芯褞 褏胁芯褉芯斜芯褞
morbide	褏胁芯褉芯斜谢懈胁懈泄, 屑芯褌芯褉芯褕薪懈泄
onberispelijk	斜械蟹写芯谐邪薪薪懈泄
de buschauffeur	胁芯写褨泄 邪胁褌芯斜褍褋邪
droppen	褋泻懈写邪褌懈, 胁懈泻懈写邪褌懈
verlengd	锌芯写芯胁卸械薪懈泄
de schemering	褋褍褌褨薪泻懈
onwaardig	薪械谐褨写薪懈泄
aftappen	蟹褑褨写卸褍胁邪褌懈, 锌褉芯褋谢褍褏芯胁褍胁邪褌懈
bewandelen	褏芯写懈褌懈, 锌褉芯褋褌褍胁邪褌懈
de haag	卸懈胁芯锌谢褨褌
systematisch	褋懈褋褌械屑邪褌懈褔薪懈泄
defini毛ren	胁懈蟹薪邪褔邪褌懈
meermaals	薪械芯写薪芯褉邪蟹芯胁芯
gewillig	芯褏芯褔懈泄, 锌芯褋褌褍锌谢懈胁懈泄
tarten	泻懈写邪褌懈 胁懈泻谢懈泻, 写褉邪卸薪懈褌懈
het nijlpaard	斜械谐械屑芯褌
het gezwel	锌褍褏谢懈薪邪
de klank	蟹胁褍泻
kleurrijk	斜邪褉胁懈褋褌懈泄
